Sample_ID,Pulse(BPM),Temperature,GSR,Emotion
1,74,36.6,12.2,Neutral
2,87,37.1,14.7,Disgusted
3,98,37.2,11.7,Surprised
4,90,37,15.3,Angry
5,96,37.2,11.8,Surprised
6,73,36.8,13.8,Angry
7,83,37,15.3,Angry
8,73,36.8,16.8,Surprised
9,87,37.1,11.5,Neutral
10,84,36.9,19.9,Fearful
11,94,37.3,16,Disgusted
12,73,36.7,15.9,Sad
13,97,37.2,20.4,Angry
14,100,36.6,16,Disgusted
15,84,36.9,11.4,Neutral
16,94,37.1,14.8,Neutral
17,85,37.3,16.7,Fearful
18,100,36.9,14.2,Neutral
19,76,37,13.9,Neutral
20,83,37.1,14.4,Surprised
21,85,36.7,14.6,Surprised
22,92,37,17.6,Sad
23,70,37.2,16.4,Neutral
24,99,37,20.2,Fearful
25,74,37.3,13.9,Surprised
26,72,37,18.3,Neutral
27,92,36.6,13.5,Happy
28,71,37,17.7,Fearful
29,77,37.3,15,Happy
30,92,37,21.9,Angry
31,86,37.3,20.5,Neutral
32,91,36.9,13.4,Angry
33,87,37.3,14.9,Sad
34,84,36.7,20.4,Disgusted
35,73,37.4,16,Fearful
36,71,36.8,12.7,Surprised
37,84,36.5,11.8,Surprised
38,88,36.9,14,Sad
39,92,37.3,21.9,Angry
40,71,36.7,11.9,Sad
41,86,36.9,13.1,Disgusted
42,77,36.8,14.1,Fearful
43,98,37,17.9,Disgusted
44,86,37.1,14.7,Angry
45,70,36.5,15.2,Happy
46,92,37.4,18.6,Neutral
47,97,36.8,17.8,Happy
48,86,36.9,16.7,Sad
49,98,36.6,18,Disgusted
50,85,37.2,16.3,Disgusted
51,90,37.2,14.8,Happy
52,95,37.1,11.6,Neutral
53,72,37.1,16.2,Happy
54,91,37,21.1,Surprised
55,71,36.6,14.2,Surprised
56,100,36.7,13.7,Sad
57,99,36.7,21.1,Fearful
58,89,37.1,13.2,Surprised
59,72,37.1,17.2,Neutral
60,96,37.4,14.7,Angry
61,89,37.4,15.8,Angry
62,70,36.6,15.9,Neutral
63,70,37.1,17.7,Sad
64,76,36.8,18.8,Fearful
65,80,36.6,18.7,Sad
66,83,36.7,17.1,Disgusted
67,76,37.2,13.9,Sad
68,70,37.2,14.6,Angry
69,96,36.9,21.1,Happy
70,81,36.7,21.1,Neutral
71,70,37,19.6,Surprised
72,90,36.7,14.1,Surprised
73,78,36.6,17,Surprised
74,90,37.3,11.9,Sad
75,86,36.9,20.4,Sad
76,76,37.2,20.2,Angry
77,100,37.2,13.9,Surprised
78,95,36.5,18.1,Angry
79,76,36.7,17.6,Sad
80,84,37.3,19.4,Sad
81,77,36.8,21.3,Disgusted
82,81,36.6,13.8,Fearful
83,99,37.4,12.5,Surprised
84,81,36.9,15.9,Disgusted
85,94,36.9,16.9,Happy
86,99,37.3,11.4,Neutral
87,73,37,19.2,Sad
88,96,36.6,12.1,Disgusted
89,92,37.2,15.7,Sad
90,94,37.2,21.1,Disgusted
91,98,36.5,16.4,Fearful
92,90,37,18.5,Disgusted
93,96,37,19.6,Disgusted
94,82,37.3,12.3,Surprised
95,86,36.8,12.9,Fearful
96,91,37,14.7,Angry
97,87,36.7,18.3,Happy
98,78,36.7,14.1,Neutral
99,88,36.7,19.2,Happy
100,79,36.9,15.9,Neutral
101,94,36.6,12.3,Neutral
102,96,37.4,19.4,Sad
103,100,36.9,11.3,Sad
104,79,36.6,14.6,Neutral
105,71,37,21.2,Neutral
106,95,37.3,14.6,Disgusted
107,74,36.9,18,Angry
108,84,36.8,15.7,Happy
109,71,37.2,14.6,Disgusted
110,100,37.1,18.7,Fearful
111,77,37.3,15,Happy
112,99,36.9,12.7,Angry
113,87,37.4,12.2,Surprised
114,99,37.4,21.5,Angry
115,73,37.2,12.6,Fearful
116,76,37.4,16.7,Neutral
117,86,36.6,11.9,Angry
118,100,36.8,21.1,Surprised
119,95,37,20.4,Neutral
120,75,36.6,17.2,Fearful
121,90,36.9,17.4,Happy
122,98,36.8,12.7,Sad
123,83,37,19.5,Neutral
124,71,37.2,19.1,Neutral
125,84,36.9,17.2,Disgusted
126,95,37.2,18,Sad
127,91,36.9,16.6,Disgusted
128,83,36.9,16.1,Neutral
129,78,36.8,18.2,Disgusted
130,70,37,14.8,Neutral
131,84,37,21.8,Angry
132,99,36.5,21.6,Disgusted
133,76,36.6,13,Neutral
134,86,36.6,13.5,Neutral
135,84,37.1,12,Angry
136,84,37.2,21.5,Neutral
137,92,36.8,13.7,Disgusted
138,78,37.3,19.9,Fearful
139,96,37.2,16.8,Neutral
140,79,37.1,18.3,Happy
141,76,37.2,15.9,Happy
142,95,36.9,17.4,Fearful
143,87,37.2,13.8,Fearful
144,78,37.3,13,Happy
145,90,36.8,19.4,Angry
146,82,36.7,18.8,Neutral
147,94,36.7,11.8,Disgusted
148,70,36.8,15.4,Happy
149,83,36.6,18.2,Angry
150,83,37.1,17,Angry
151,82,37.3,18.4,Neutral
152,81,36.5,13.3,Happy
153,89,36.6,14.2,Disgusted
154,86,37.3,17.3,Sad
155,85,36.7,14,Disgusted
156,96,37.1,14.3,Angry
157,75,36.9,16.2,Sad
158,91,36.6,13.9,Sad
159,73,37.2,18.2,Disgusted
160,89,37.1,21.4,Neutral
161,86,36.6,14.2,Disgusted
162,73,37,19.9,Neutral
163,78,36.8,20.1,Sad
164,70,36.9,13.5,Sad
165,96,36.5,14.7,Disgusted
166,79,37.4,14.6,Fearful
167,86,36.9,20.2,Angry
168,79,36.9,17,Neutral
169,78,37.2,14.2,Neutral
170,98,36.6,21.1,Neutral
171,75,36.7,16.3,Disgusted
172,70,37,11.6,Surprised
173,91,36.6,21.2,Neutral
174,94,36.6,16.6,Neutral
175,91,37.2,19.6,Happy
176,73,36.9,16.3,Sad
177,93,36.6,13.1,Sad
178,87,37,20.7,Neutral
179,78,37.2,17.4,Surprised
180,71,37,17.9,Fearful
181,90,37,21,Fearful
182,71,37.2,13.4,Angry
183,97,37.2,16.3,Fearful
184,85,37,15.8,Neutral
185,74,36.6,19.2,Surprised
186,77,37.1,12.2,Angry
187,93,37.3,18,Neutral
188,99,36.7,13.7,Surprised
189,100,37.4,20,Happy
190,70,37.3,12.5,Fearful
191,80,37.1,14.6,Neutral
192,72,36.6,15.7,Disgusted
193,75,36.5,16,Sad
194,99,36.7,14.1,Disgusted
195,83,36.7,14.3,Fearful
196,86,36.8,20.3,Neutral
197,97,37.2,16.8,Neutral
198,92,37.4,15.5,Neutral
199,80,36.6,11.7,Happy
200,95,36.5,11.6,Sad
201,72,36.7,21.4,Disgusted
202,86,37.1,17.3,Angry
203,85,36.7,20.1,Fearful
204,91,36.6,12.2,Disgusted
205,79,37,14.9,Surprised
206,79,36.6,20.8,Happy
207,82,36.6,12.8,Happy
208,98,37.3,18.6,Sad
209,95,37.1,13.4,Happy
210,92,37,13.5,Surprised
211,78,36.7,19.1,Happy
212,89,37.3,20.8,Surprised
213,73,36.6,20.1,Angry
214,70,36.6,17.5,Disgusted
215,82,36.6,14,Disgusted
216,76,36.7,18.9,Surprised
217,79,37.4,11.8,Neutral
218,94,36.7,21,Happy
219,72,37.1,14.8,Fearful
220,72,37.2,12.8,Fearful
221,82,36.8,16.1,Fearful
222,78,36.8,15.6,Angry
223,78,36.7,21,Fearful
224,96,37.2,12.7,Fearful
225,81,36.6,13.1,Neutral
226,81,37.1,12.1,Disgusted
227,97,37.3,17.1,Disgusted
228,81,36.6,19.5,Sad
229,77,36.7,21.1,Happy
230,94,36.8,17.1,Sad
231,89,36.6,17.8,Fearful
232,80,37.1,18.7,Angry
233,88,36.8,19.6,Sad
234,85,36.6,19,Sad
235,78,36.9,14.2,Sad
236,77,37,21.4,Surprised
237,73,36.6,20.8,Neutral
238,81,37.2,15.9,Happy
239,85,36.6,16.9,Disgusted
240,87,37,21.4,Neutral
241,78,37,21.7,Neutral
242,95,36.6,14,Neutral
243,84,37.4,14.3,Happy
244,97,37.2,14,Fearful
245,73,36.6,16.6,Angry
246,99,36.7,17,Happy
247,99,37.1,13.4,Surprised
248,98,36.7,15.1,Angry
249,72,37.4,18.5,Sad
250,84,37,14.1,Happy
251,94,36.6,21.5,Happy
252,71,36.7,12.2,Angry
253,97,36.7,18,Happy
254,73,37.2,15.4,Sad
255,76,37.3,18.3,Happy
256,80,37.1,13.4,Surprised
257,97,36.7,18.2,Surprised
258,99,36.9,18.6,Happy
259,75,37.3,18.2,Angry
260,96,37,20.3,Happy
261,91,36.5,12,Surprised
262,77,36.5,11.7,Angry
263,79,36.8,13.9,Disgusted
264,82,37.2,12.1,Happy
265,74,37.4,21.4,Fearful
266,88,36.6,11.6,Fearful
267,83,37,13.3,Surprised
268,76,37.3,20.3,Happy
269,90,36.6,20.4,Disgusted
270,76,36.9,21,Neutral
271,77,36.7,19.4,Fearful
272,94,37.4,16.9,Surprised
273,89,37,19,Disgusted
274,85,36.8,16.4,Surprised
275,80,37.1,16.8,Angry
276,95,37.2,15.2,Fearful
277,80,36.6,12.5,Angry
278,72,36.7,22,Happy
279,89,36.9,13.2,Sad
280,78,36.9,12.4,Disgusted
281,100,37.1,16.7,Disgusted
282,75,37,18.3,Fearful
283,78,36.7,20.5,Fearful
284,91,36.8,17.5,Disgusted
285,77,37.1,20.5,Disgusted
286,99,36.6,15.5,Surprised
287,76,37.1,17.3,Fearful
288,96,36.6,11.7,Angry
289,90,37.4,17.2,Happy
290,85,37.1,11.9,Surprised
291,81,37.3,18.5,Surprised
292,97,36.7,18,Happy
293,75,37.1,19,Angry
294,97,37.4,12.4,Disgusted
295,86,36.7,14,Sad
296,96,36.9,18.8,Fearful
297,71,37.2,15.7,Happy
298,91,36.8,17,Fearful
299,77,37.1,19.3,Fearful
300,100,36.6,18.2,Disgusted
301,75,37.2,12.2,Neutral
302,95,36.8,11.4,Angry
303,76,37.3,19.8,Sad
304,80,37,11.7,Fearful
305,96,36.8,21.2,Sad
306,87,36.7,16.8,Happy
307,94,37.3,13.5,Neutral
308,94,36.9,13.8,Disgusted
309,86,36.7,18.5,Happy
310,98,37.2,17.8,Sad
311,96,36.7,14.5,Sad
312,88,37.4,20.8,Surprised
313,75,37.1,13.9,Disgusted
314,72,37.1,18.6,Surprised
315,95,36.7,21,Surprised
316,81,36.7,12.9,Fearful
317,70,36.8,13.8,Surprised
318,77,37.1,20,Sad
319,87,37.1,12.6,Neutral
320,94,37.3,14.3,Sad
321,91,36.8,17.7,Fearful
322,72,36.9,14.6,Neutral
323,87,37.3,16.5,Fearful
324,74,37.3,15.1,Fearful
325,87,36.8,16.3,Angry
326,79,37.3,11.4,Neutral
327,83,37.3,14.7,Sad
328,75,37.3,15.6,Surprised
329,91,36.6,20.6,Angry
330,100,37.3,15.7,Happy
331,71,37.3,12.2,Angry
332,100,37.4,13.7,Angry
333,71,37.1,20.4,Angry
334,75,37.2,15.5,Surprised
335,84,36.5,13.2,Happy
336,94,37.1,14.4,Happy
337,76,36.6,11.8,Surprised
338,100,36.7,14.1,Sad
339,74,36.5,14.4,Neutral
340,100,36.9,14,Surprised
341,94,36.7,20,Sad
342,82,37,12.6,Surprised
343,88,37,15.6,Angry
344,71,37.1,17.6,Surprised
345,90,36.8,17.1,Angry
346,84,37.2,16.8,Disgusted
347,82,36.9,17.4,Disgusted
348,99,36.6,21,Neutral
349,79,37.2,12.9,Disgusted
350,77,36.8,18.4,Angry
351,94,36.9,18.3,Surprised
352,83,36.6,21.8,Disgusted
353,88,36.6,15,Angry
354,97,37.3,12.4,Sad
355,87,37.1,13.9,Fearful
356,80,36.9,18,Happy
357,99,36.7,16.8,Angry
358,72,36.7,15.5,Sad
359,82,37,14.6,Sad
360,83,37.2,16,Happy
361,93,36.8,20.3,Happy
362,71,37.3,19.7,Fearful
363,85,36.9,15.8,Neutral
364,98,36.7,13.2,Sad
365,85,36.8,11.4,Angry
366,70,37,21.8,Happy
367,90,36.9,20.8,Happy
368,80,36.6,16.5,Fearful
369,97,36.6,13.7,Surprised
370,85,37.3,14.1,Disgusted
371,79,36.8,16,Disgusted
372,78,37.1,15,Sad
373,80,37.1,15.3,Happy
374,77,37,16.8,Sad
375,100,37.1,21.2,Disgusted
376,75,37.2,12,Fearful
377,78,37,12.5,Happy
378,90,36.6,17,Happy
379,90,37.3,12.6,Happy
380,82,36.9,19,Surprised
381,99,37.3,20.7,Fearful
382,81,37,17.2,Surprised
383,83,37.4,18.4,Happy
384,91,37,12.6,Angry
385,84,36.6,13.3,Angry
386,98,36.7,20.1,Happy
387,96,37.2,14.7,Surprised
388,79,37.3,21.1,Angry
389,70,36.5,21.4,Happy
390,80,36.6,15.4,Fearful
391,80,37.3,14.2,Sad
392,97,36.9,21.2,Sad
393,89,37.2,18.7,Angry
394,91,36.6,20.6,Angry
395,82,37.1,19.8,Disgusted
396,95,36.6,21,Angry
397,74,37.3,11.4,Angry
398,97,37,11.4,Disgusted
399,71,37.3,15.7,Surprised
400,79,37,15.9,Surprised
401,86,36.7,15.9,Happy
402,96,36.8,17.5,Angry
403,92,36.8,19.5,Surprised
404,86,36.8,12.8,Surprised
405,100,37,14.3,Surprised
406,71,36.7,18.4,Neutral
407,96,36.6,13.4,Neutral
408,77,37.4,16.5,Disgusted
409,72,36.5,12.4,Angry
410,91,37.1,14.8,Angry
411,90,36.7,18.6,Angry
412,83,36.7,17.9,Happy
413,93,37.2,15,Sad
414,82,36.6,14.1,Disgusted
415,91,36.8,13.6,Sad
416,87,36.6,19.2,Surprised
417,70,37,14.4,Disgusted
418,87,37.4,15.1,Happy
419,76,36.5,14.5,Fearful
420,88,36.8,11.9,Happy
421,88,37,11.9,Angry
422,80,37.3,21.6,Neutral
423,90,37.1,19.1,Neutral
424,84,37.2,17.3,Angry
425,87,37.2,20.4,Fearful
426,72,37.2,16.9,Neutral
427,93,36.5,11.8,Fearful
428,77,36.6,17.8,Sad
429,98,36.8,12,Fearful
430,82,37.2,21.8,Fearful
431,81,37.3,11.3,Disgusted
432,89,37.2,13.5,Happy
433,78,36.6,21,Angry
434,89,37,14.9,Sad
435,95,36.6,18.2,Happy
436,92,37,17.3,Sad
437,80,37.3,21.5,Angry
438,88,37,13.6,Fearful
439,82,36.6,13.2,Surprised
440,93,37.4,17.1,Happy
441,99,36.7,11.2,Surprised
442,91,36.7,15.9,Sad
443,91,36.5,17.7,Disgusted
444,72,37.4,19.4,Disgusted
445,98,36.6,15.5,Disgusted
446,98,36.6,17.3,Neutral
447,93,36.9,21.8,Neutral
448,83,37.1,20.1,Disgusted
449,99,36.7,15.8,Sad
450,92,37,14.4,Surprised
451,71,37.4,11.4,Sad
452,98,36.8,11.2,Disgusted
453,73,36.5,13.5,Sad
454,94,37.1,18.9,Sad
455,71,36.9,15,Happy
456,95,37.2,19.7,Neutral
457,80,37.1,20.1,Neutral
458,86,37,14,Angry
459,79,37.3,17.5,Angry
460,72,36.8,16,Surprised
461,93,37.1,11.8,Disgusted
462,75,36.9,20.6,Happy
463,94,36.9,17.3,Neutral
464,91,36.6,15.9,Angry
465,88,37.2,12.2,Disgusted
466,82,37.1,12.9,Disgusted
467,83,37,21.5,Angry
468,82,36.5,15.3,Happy
469,84,37,17.1,Fearful
470,76,36.7,15.9,Angry
471,96,36.7,18.6,Neutral
472,87,36.9,16.9,Surprised
473,100,37.4,14.6,Happy
474,94,37.2,12.3,Angry
475,70,37.1,20.7,Sad
476,75,37.4,12.1,Sad
477,71,36.8,15.4,Fearful
478,87,37,12.9,Fearful
479,100,37,12.4,Angry
480,80,37.3,14.7,Surprised
481,90,36.8,11.7,Fearful
482,95,36.6,16.1,Fearful
483,88,37.1,13.6,Sad
484,99,37.3,16.4,Sad
485,74,37,16.7,Fearful
486,79,36.9,12.9,Neutral
487,99,36.6,13.4,Angry
488,100,37.3,15.8,Neutral
489,75,36.7,14,Surprised
490,83,37.1,16.7,Disgusted
491,95,36.6,17.8,Fearful
492,98,37.1,14.2,Neutral
493,72,36.7,18.4,Neutral
494,77,37.3,13.9,Disgusted
495,83,37.1,15.7,Sad
496,81,37.4,20.4,Surprised
497,88,36.7,17.5,Surprised
498,99,37.2,13.1,Neutral
499,97,37.2,21.2,Neutral
500,84,37.5,18,Happy
501,100,36.8,13.1,Disgusted
502,81,36.7,19.5,Surprised
503,92,37,15.7,Fearful
504,85,37.1,21.5,Fearful
505,76,37.3,20,Disgusted
506,77,37,16.5,Angry
507,90,37,20.6,Fearful
508,93,36.5,16.8,Angry
509,74,36.9,19.2,Disgusted
510,72,37.1,14,Surprised
511,81,37.2,18.4,Fearful
512,92,36.6,21.9,Disgusted
513,76,36.7,15.2,Neutral
514,96,36.6,15.7,Surprised
515,74,37.1,16,Surprised
516,100,37,12.6,Neutral
517,81,37.2,20.9,Surprised
518,80,37,16.6,Sad
519,80,37.1,12.9,Sad
520,74,36.8,16.1,Disgusted
521,82,36.6,18.4,Surprised
522,96,36.6,17.8,Neutral
523,93,36.7,16.7,Surprised
524,70,37.2,20.6,Angry
525,75,36.6,12.6,Happy
526,99,36.8,20.1,Sad
527,70,36.5,18.7,Happy
528,83,37.2,18.3,Happy
529,80,37,18.9,Fearful
530,83,36.5,20.4,Surprised
531,97,36.6,11.9,Fearful
532,95,37,15.9,Disgusted
533,73,36.6,19.9,Sad
534,82,36.9,14.1,Fearful
535,72,37.2,15.6,Disgusted
536,70,36.6,11.8,Happy
537,99,37.2,13.7,Angry
538,75,36.8,12.9,Surprised
539,93,37.3,20.6,Disgusted
540,74,36.5,16.9,Happy
541,71,36.6,13.3,Happy
542,94,36.7,14.5,Sad
543,74,36.7,21.6,Neutral
544,87,37.3,21.3,Neutral
545,86,37.2,16.3,Sad
546,93,36.9,21.3,Surprised
547,100,37.2,12.9,Sad
548,100,36.6,19.8,Sad
549,81,36.7,14.9,Sad
550,84,36.6,19.5,Surprised
551,80,37.1,17.2,Surprised
552,81,36.8,17.6,Sad
553,81,36.7,13.6,Disgusted
554,82,37.2,11.7,Disgusted
555,95,36.9,21.8,Disgusted
556,81,36.9,15.6,Fearful
557,81,37.2,17,Angry
558,86,37.1,14.6,Happy
559,76,37,14.7,Surprised
560,73,36.7,15.3,Sad
561,95,36.8,16.2,Angry
562,80,37.4,15.5,Angry
563,94,36.8,16,Angry
564,99,36.5,14.7,Happy
565,89,37.1,11.9,Surprised
566,71,36.7,19.7,Angry
567,96,37,15.1,Happy
568,84,37.4,21.1,Sad
569,71,36.8,20.5,Fearful
570,80,37.2,21.9,Neutral
571,97,37.2,14,Disgusted
572,71,36.7,15.6,Neutral
573,70,37.3,13.6,Disgusted
574,85,36.9,19.5,Sad
575,74,37,17,Disgusted
576,95,37.1,14.8,Angry
577,73,37.2,16.3,Angry
578,93,37.1,18.1,Angry
579,72,36.9,13.2,Disgusted
580,99,37.3,21.4,Sad
581,99,37.1,11.6,Neutral
582,94,37.3,11.9,Disgusted
583,97,36.7,19.2,Surprised
584,74,37.4,18.1,Sad
585,95,36.6,19.3,Surprised
586,89,36.7,16.8,Angry
587,88,37.2,17.7,Disgusted
588,91,36.8,20.1,Fearful
589,75,36.7,15.1,Disgusted
590,76,37.3,14.2,Happy
591,81,37.2,17.8,Neutral
592,91,36.8,16.2,Fearful
593,82,36.9,12,Disgusted
594,71,36.8,11.9,Disgusted
595,87,36.6,15.7,Sad
596,70,36.6,21.1,Disgusted
597,74,37.3,11.3,Fearful
598,92,37,18.1,Happy
599,89,37.2,16.7,Fearful
600,72,37.3,18,Happy
601,71,36.9,21.7,Disgusted
602,70,37.1,21.4,Fearful
603,73,36.9,16.2,Angry
604,73,36.5,11.7,Happy
605,82,37.1,16.2,Happy
606,81,36.6,21.2,Surprised
607,91,36.6,14.2,Surprised
608,84,36.7,18.8,Fearful
609,97,37.1,18.2,Fearful
610,73,36.7,13.5,Sad
611,91,36.9,17.3,Happy
612,83,36.7,16.1,Neutral
613,84,36.7,11.4,Angry
614,76,37.1,17.6,Neutral
615,77,37.3,14.1,Sad
616,96,37.2,13,Fearful
617,89,36.7,20.1,Neutral
618,91,37.3,17.3,Sad
619,96,37.1,15.7,Fearful
620,85,36.6,14.2,Fearful
621,72,36.8,19.4,Surprised
622,77,37.1,15.8,Neutral
623,89,36.6,16.2,Surprised
624,91,36.9,21,Happy
625,89,37.1,19.9,Angry
626,84,36.9,19.6,Happy
627,95,36.5,21.4,Neutral
628,88,37.3,14.6,Fearful
629,72,37.3,13.4,Fearful
630,75,37.4,20.3,Disgusted
631,81,37.3,19.2,Angry
632,100,36.5,19.1,Angry
633,78,36.5,14,Disgusted
634,75,36.8,14.9,Sad
635,93,36.8,12.5,Fearful
636,91,36.7,18.4,Surprised
637,95,36.9,13.6,Sad
638,75,36.9,18.5,Disgusted
639,94,37.1,21,Sad
640,79,37.3,12.7,Neutral
641,98,37.1,18.7,Fearful
642,92,36.8,20.4,Angry
643,75,36.6,14.1,Fearful
644,76,36.7,20,Angry
645,94,36.7,14.7,Happy
646,83,37,17.2,Angry
647,94,36.9,14.8,Angry
648,77,37.2,15.5,Angry
649,90,37.2,14.2,Angry
650,88,37,13.2,Fearful
651,96,36.7,15.6,Happy
652,91,36.8,19.7,Surprised
653,98,37.3,19.2,Disgusted
654,98,37.3,14.6,Happy
655,70,36.6,13.1,Disgusted
656,96,36.6,21.9,Sad
657,85,36.9,21.3,Happy
658,86,36.9,16.4,Sad
659,90,36.7,20.3,Neutral
660,91,36.8,13.1,Disgusted
661,75,37.2,21.6,Fearful
662,71,37,21,Happy
663,87,36.9,21,Neutral
664,76,37.1,13,Fearful
665,77,37.3,20.2,Fearful
666,100,37.4,20.5,Neutral
667,94,36.7,18.3,Neutral
668,87,36.6,13.6,Angry
669,82,37.1,14.5,Happy
670,75,37.2,21.2,Fearful
671,76,36.8,13,Sad
672,80,36.8,11.6,Fearful
673,73,37.4,20,Neutral
674,71,36.6,15.4,Angry
675,71,37.1,15.8,Neutral
676,93,36.6,21.2,Surprised
677,88,36.7,12.4,Neutral
678,70,37.1,19.3,Sad
679,88,37.2,11.6,Sad
680,94,37.2,18.7,Disgusted
681,100,36.9,15.7,Fearful
682,70,37,13,Sad
683,88,36.6,19,Happy
684,89,37,14,Neutral
685,89,37.3,15.9,Sad
686,78,37.3,14.7,Neutral
687,80,37.2,18.3,Neutral
688,73,37.1,17.8,Sad
689,79,37.1,16.7,Disgusted
690,95,36.8,16.5,Disgusted
691,95,36.9,13,Disgusted
692,76,37.2,14.1,Happy
693,87,36.6,19.1,Surprised
694,74,36.7,14.8,Neutral
695,85,37.3,11.2,Happy
696,79,37.3,13.8,Angry
697,99,37.1,15.6,Sad
698,88,36.5,14.6,Neutral
699,75,36.7,15.7,Happy
700,90,37.2,20.3,Fearful
701,92,36.8,18,Sad
702,88,36.8,14.5,Surprised
703,91,36.6,16.6,Fearful
704,95,36.6,21.4,Neutral
705,74,37.3,17.6,Disgusted
706,70,36.7,20.2,Sad
707,85,37.4,21.1,Neutral
708,73,37.4,16.3,Happy
709,81,36.6,16.1,Sad
710,82,36.8,11.5,Angry
711,88,36.6,13.5,Fearful
712,94,36.6,15.7,Surprised
713,82,36.8,20.7,Disgusted
714,91,36.6,20,Fearful
715,99,37.3,21.9,Surprised
716,95,36.6,15.7,Happy
717,72,37.1,17.1,Neutral
718,90,37.1,13.3,Angry
719,89,37.2,20.5,Sad
720,79,37.3,18.9,Surprised
721,83,37,21.3,Disgusted
722,72,37,16.7,Disgusted
723,97,37.4,12,Disgusted
724,85,37.1,20,Happy
725,77,37,14.2,Happy
726,97,36.9,19.1,Angry
727,75,36.9,19.1,Neutral
728,90,36.9,13.7,Disgusted
729,98,37,18.4,Neutral
730,91,37.2,13.1,Happy
731,94,37.3,15.2,Happy
732,78,37.1,12.8,Disgusted
733,87,36.6,19.9,Fearful
734,89,36.5,17.8,Surprised
735,95,36.6,14.5,Surprised
736,87,37,14.3,Fearful
737,81,37.3,12.5,Disgusted
738,88,37.4,13,Neutral
739,70,37,14.6,Angry
740,76,37,17.5,Sad
741,87,36.9,19.3,Sad
742,92,36.9,17.7,Angry
743,71,36.6,20.5,Angry
744,72,36.8,14.2,Neutral
745,74,36.6,18.3,Disgusted
746,87,37.3,15.7,Disgusted
747,82,36.8,11.9,Fearful
748,98,37,15,Happy
749,92,37.2,21.5,Surprised
750,82,36.8,19.3,Disgusted
751,87,37.1,21.6,Angry
752,77,36.6,16.3,Surprised
753,95,37.1,17,Sad
754,89,36.7,12.7,Fearful
755,79,37.2,19,Fearful
756,79,36.5,18.4,Sad
757,70,37,16.3,Neutral
758,80,36.9,12.7,Neutral
759,80,37.1,18.4,Fearful
760,80,36.9,18.3,Angry
761,86,36.7,13.4,Fearful
762,78,36.6,15.9,Happy
763,83,36.6,15.9,Angry
764,89,37.2,15.4,Surprised
765,87,37.4,13.8,Surprised
766,72,36.5,15.4,Neutral
767,74,36.8,13.3,Happy
768,86,37.2,21.8,Happy
769,91,36.8,12.8,Surprised
770,97,36.6,12.2,Fearful
771,74,36.9,16.2,Happy
772,82,37,12.1,Disgusted
773,95,36.5,15.3,Surprised
774,71,37.3,15.1,Angry
775,94,36.8,13.2,Happy
776,82,37.4,18,Fearful
777,80,37.2,17.9,Surprised
778,76,36.7,21.4,Disgusted
779,86,36.7,14.9,Disgusted
780,81,36.6,18,Disgusted
781,88,36.5,17.2,Neutral
782,90,36.7,17.3,Fearful
783,95,36.8,21.4,Disgusted
784,71,36.8,20.6,Sad
785,79,37.4,21.6,Disgusted
786,72,36.5,17,Angry
787,78,37.2,11.9,Sad
788,75,36.8,20.6,Sad
789,80,36.7,15.8,Angry
790,89,37.4,16.4,Happy
791,99,36.6,12.4,Angry
792,86,36.9,18.1,Sad
793,75,36.7,12.5,Angry
794,88,36.8,16.4,Happy
795,99,37.2,21.8,Sad
796,71,37,13.7,Neutral
797,90,36.9,18.4,Disgusted
798,100,37,13.1,Angry
799,87,37,17.6,Sad
800,71,36.7,20.1,Fearful
801,82,36.9,14.8,Sad
802,84,36.8,18.7,Surprised
803,72,36.7,18.2,Sad
804,89,36.9,17.2,Disgusted
805,86,37.3,16.1,Sad
806,87,36.8,12.6,Surprised
807,83,36.9,17.6,Surprised
808,86,36.8,20.4,Happy
809,70,37.4,14,Happy
810,84,36.6,11.2,Fearful
811,99,36.7,14,Surprised
812,96,37.3,16,Disgusted
813,83,37.3,19.1,Surprised
814,95,37.1,21.1,Angry
815,97,37.1,20.9,Neutral
816,83,36.7,18.5,Sad
817,76,36.7,13.3,Surprised
818,81,37.1,19.8,Happy
819,95,37.3,19.5,Surprised
820,97,37.2,16.3,Angry
821,79,37,12.5,Sad
822,87,37.2,20.8,Sad
823,100,37,15.9,Happy
824,79,37.3,16.3,Neutral
825,93,37,14.3,Neutral
826,96,36.6,15.4,Angry
827,72,36.6,11.1,Neutral
828,72,37.4,11.8,Angry
829,89,37,16.6,Angry
830,99,36.6,11.5,Fearful
831,97,36.7,16.5,Surprised
832,88,37,15.3,Angry
833,71,37.3,12.2,Surprised
834,91,37.1,21.3,Angry
835,79,37,18,Surprised
836,86,37,11,Disgusted
837,88,36.6,16.9,Fearful
838,94,37,18.2,Happy
839,90,36.9,11.3,Happy
840,75,36.9,16.9,Fearful
841,71,37.2,19.5,Neutral
842,80,37,20,Sad
843,97,37.3,13.9,Sad
844,71,37,11.2,Surprised
845,99,36.7,19,Disgusted
846,83,37.3,17.9,Surprised
847,72,36.6,17.7,Happy
848,98,36.7,15.1,Sad
849,98,36.9,20.9,Fearful
850,90,36.5,18.8,Sad
851,95,37.2,21.4,Disgusted
852,72,36.5,15.6,Angry
853,90,36.5,13.9,Happy
854,73,36.5,14.7,Neutral
855,85,36.9,14.3,Neutral
856,71,37.2,19.5,Angry
857,96,36.8,19.1,Angry
858,84,36.9,17.4,Angry
859,93,37.1,20.3,Fearful
860,82,36.6,14.5,Disgusted
861,91,36.8,21.7,Surprised
862,77,37.2,19.4,Angry
863,96,36.5,15.3,Sad
864,99,37.1,16,Angry
865,88,37.4,15,Surprised
866,89,36.8,19,Fearful
867,76,37.3,16.2,Angry
868,86,36.7,20.5,Neutral
869,73,36.8,12.3,Disgusted
870,95,36.7,12.5,Fearful
871,92,36.7,16.3,Angry
872,82,36.7,20.9,Sad
873,83,36.8,15.5,Sad
874,81,37.3,20.4,Surprised
875,84,37.3,16.1,Surprised
876,94,37,19.3,Fearful
877,75,37.2,15,Fearful
878,98,36.8,11.2,Neutral
879,78,36.9,19.4,Sad
880,98,37,20.4,Disgusted
881,78,36.7,18.8,Sad
882,78,37.3,19,Neutral
883,77,36.7,12.7,Sad
884,91,36.5,13.1,Angry
885,76,36.8,21.4,Neutral
886,82,36.7,12.7,Surprised
887,88,36.6,20.3,Surprised
888,92,36.6,21.8,Neutral
889,83,37.3,15.4,Surprised
890,82,36.6,11.5,Sad
891,95,37.2,19.3,Happy
892,94,37.1,18.7,Sad
893,78,37.1,16.5,Fearful
894,73,36.7,19.7,Surprised
895,84,37,15.3,Happy
896,93,37.1,13.7,Neutral
897,93,36.5,17.7,Disgusted
898,77,36.7,14.9,Fearful
899,79,37.2,21.5,Sad
900,98,37.2,11.2,Angry
901,73,37,13.3,Disgusted
902,81,36.9,13.8,Disgusted
903,84,37.1,18.5,Fearful
904,85,36.6,17.4,Happy
905,81,36.9,17,Fearful
906,95,37.2,16.7,Disgusted
907,75,36.7,17,Angry
908,85,37,15.3,Sad
909,96,37.3,19.4,Surprised
910,78,36.6,19.4,Angry
911,77,37.2,20.8,Angry
912,98,37.3,15.3,Disgusted
913,75,37,21,Happy
914,74,36.9,13.9,Angry
915,81,36.6,11.7,Surprised
916,91,36.6,13,Disgusted
917,95,37.1,16.9,Surprised
918,81,36.8,19.8,Neutral
919,92,37.2,11.8,Surprised
920,70,36.8,13.7,Disgusted
921,71,37,14.7,Disgusted
922,78,36.9,12.9,Sad
923,88,36.9,16.8,Disgusted
924,93,37.1,14.5,Neutral
925,89,37.1,21.9,Angry
926,73,36.6,17.4,Fearful
927,94,36.8,11.8,Disgusted
928,73,36.6,20.9,Neutral
929,82,36.5,21.7,Angry
930,98,37.3,16.8,Surprised
931,73,37.2,22,Sad
932,97,37.2,18.3,Fearful
933,77,37.1,14.3,Disgusted
934,87,37.2,18.2,Fearful
935,71,36.6,19.5,Happy
936,94,37.2,20.1,Fearful
937,82,36.6,16.4,Fearful
938,97,37.3,12.6,Happy
939,81,37.1,21.6,Surprised
940,82,36.5,19.1,Angry
941,91,37.1,20.2,Fearful
942,94,37.2,13.9,Surprised
943,82,36.6,13.6,Surprised
944,97,37.1,13.7,Neutral
945,91,36.6,15.5,Disgusted
946,85,37.2,14.6,Sad
947,94,37,20.5,Sad
948,84,37.2,17.1,Neutral
949,77,37.3,19.4,Neutral
950,89,36.6,15.9,Surprised
951,91,37.3,17.6,Disgusted
952,71,36.9,11.1,Disgusted
953,84,37.4,13,Sad
954,73,37.4,16.5,Sad
955,73,37.2,16.1,Disgusted
956,76,36.7,19.6,Neutral
957,83,36.7,16.7,Happy
958,91,37.4,15.7,Disgusted
959,90,36.9,21.5,Happy
960,81,36.7,18.9,Surprised
961,74,36.6,15,Fearful
962,88,37,12.9,Sad
963,74,37,11.6,Neutral
964,86,37.2,15.4,Happy
965,80,37,13.7,Neutral
966,85,36.7,11,Sad
967,75,36.7,14.6,Happy
968,73,37.1,13.8,Surprised
969,72,36.6,19.5,Disgusted
970,88,37.3,17.2,Angry
971,93,37.3,16.9,Disgusted
972,96,37.3,16.6,Disgusted
973,85,37.1,13.2,Sad
974,75,37.1,17.5,Angry
975,80,37,18.5,Sad
976,70,36.8,21.4,Angry
977,92,36.9,14.9,Neutral
978,72,36.5,15.1,Angry
979,87,36.6,20.7,Fearful
980,100,36.6,14.1,Sad
981,72,36.7,16.7,Surprised
982,95,37.2,16.6,Happy
983,87,36.7,17.2,Fearful
984,79,36.8,20,Sad
985,85,36.5,11.9,Disgusted
986,96,36.5,14.9,Fearful
987,92,37.3,16.4,Disgusted
988,90,36.9,19.6,Neutral
989,86,37.1,11.3,Fearful
990,83,37.1,13,Neutral
991,98,37.1,18.3,Sad
992,96,36.7,12,Disgusted
993,78,36.7,15.6,Happy
994,70,37.2,17.9,Surprised
995,87,37.3,14,Surprised
996,97,37,20.7,Sad
997,91,37,18.7,Sad
998,78,36.9,19.2,Sad
999,89,37.4,12.5,Surprised
1000,74,36.8,17.3,Disgusted
1001,72,36.6,13.2,Angry
1002,86,36.6,15.9,Disgusted
1003,88,36.8,14.8,Fearful
1004,96,37.3,21.2,Fearful
1005,94,37.1,18.5,Angry
1006,74,37.2,14.5,Neutral
1007,98,37.3,19.1,Happy
1008,87,36.6,19.7,Surprised
1009,77,36.8,14.1,Disgusted
1010,85,36.6,19.1,Surprised
1011,93,37.2,11.7,Surprised
1012,73,36.6,19.3,Angry
1013,72,37.3,12.1,Neutral
1014,78,36.5,16.3,Happy
1015,99,36.7,16,Angry
1016,89,37.1,12.8,Fearful
1017,74,37.1,11.4,Surprised
1018,81,37.1,14.2,Neutral
1019,80,36.7,19.6,Fearful
1020,76,36.8,15,Surprised
1021,74,37.1,11.5,Angry
1022,77,37.4,20.9,Fearful
1023,77,36.6,21,Happy
1024,93,36.9,18.6,Fearful
1025,87,37.1,17.8,Angry
1026,80,36.7,21.3,Angry
1027,86,37,16.7,Angry
1028,81,37,19.2,Angry
1029,85,36.8,21.2,Neutral
1030,74,36.8,14.6,Angry
1031,93,36.8,12.1,Neutral
1032,98,36.8,17.5,Neutral
1033,80,37,20.4,Angry
1034,75,36.8,15.9,Disgusted
1035,91,37.3,13.7,Fearful
1036,100,37.3,18.1,Surprised
1037,86,37.2,16.1,Fearful
1038,76,37.3,13.7,Sad
1039,79,37,15.9,Sad
1040,80,37,17.7,Sad
1041,80,37,12,Happy
1042,73,36.8,18.6,Fearful
1043,85,36.7,15.9,Sad
1044,96,37.4,18,Disgusted
1045,80,37,16.6,Neutral
1046,98,36.7,17,Surprised
1047,91,37,20.6,Fearful
1048,95,37.3,15,Neutral
1049,90,36.9,15.9,Fearful
1050,91,36.9,21.4,Sad
1051,81,36.7,20.7,Sad
1052,88,37.3,17.5,Surprised
1053,96,36.6,16.4,Fearful
1054,97,36.6,11,Disgusted
1055,71,37.4,13.1,Surprised
1056,70,37.4,21.2,Angry
1057,92,37.1,13.3,Fearful
1058,73,36.8,17.3,Disgusted
1059,81,36.6,13.1,Disgusted
1060,85,37,12,Disgusted
1061,82,36.9,13.6,Neutral
1062,95,36.6,12.1,Angry
1063,80,36.6,21.9,Neutral
1064,83,36.6,12.6,Fearful
1065,97,36.9,19.9,Angry
1066,78,37,13.2,Happy
1067,81,37,18.2,Sad
1068,80,36.6,14.3,Angry
1069,70,37.1,21.3,Disgusted
1070,74,36.8,14,Happy
1071,77,36.9,19.4,Neutral
1072,73,36.6,17.7,Neutral
1073,70,36.5,16.3,Neutral
1074,75,36.5,18.6,Sad
1075,89,37.2,17.6,Angry
1076,86,37.1,14.8,Neutral
1077,75,36.7,19.9,Surprised
1078,99,37.3,11.5,Neutral
1079,86,36.9,12.6,Neutral
1080,97,36.9,18.9,Neutral
1081,86,36.8,11.8,Surprised
1082,100,36.8,21.2,Surprised
1083,70,37.1,17.6,Neutral
1084,71,36.6,14.3,Surprised
1085,87,37.3,19.3,Sad
1086,99,36.9,14.9,Surprised
1087,87,36.6,16.1,Surprised
1088,70,36.6,16.9,Happy
1089,75,37,21,Disgusted
1090,93,36.7,14.8,Neutral
1091,96,37.4,12.3,Surprised
1092,70,37.1,17.7,Fearful
1093,83,37.1,21,Sad
1094,71,37,16.8,Surprised
1095,71,37.1,16.5,Disgusted
1096,83,37.1,21.5,Surprised
1097,86,36.9,19.4,Angry
1098,73,37.1,13.7,Neutral
1099,94,37.4,12.1,Disgusted
1100,87,37.2,19.3,Sad
1101,71,36.6,18.5,Neutral
1102,89,37.4,16.6,Angry
1103,96,36.7,13,Angry
1104,82,37.1,19.9,Disgusted
1105,97,37.2,11.8,Disgusted
1106,75,36.9,17.1,Neutral
1107,100,36.6,16.5,Fearful
1108,87,36.5,15.6,Disgusted
1109,97,37.3,20.8,Disgusted
1110,95,37.2,20.4,Disgusted
1111,74,36.9,14,Sad
1112,76,36.6,19.4,Fearful
1113,70,37.2,17.9,Happy
1114,80,37,13.1,Disgusted
1115,83,37.1,11.8,Disgusted
1116,74,37.1,17.3,Angry
1117,71,36.6,21,Happy
1118,99,37,15.6,Angry
1119,85,37.3,12,Disgusted
1120,74,36.6,20.5,Angry
1121,97,36.9,13.8,Happy
1122,72,37.2,11.3,Surprised
1123,90,37.3,19.5,Surprised
1124,98,36.9,12,Fearful
1125,71,36.9,21.6,Fearful
1126,80,37.3,13.5,Disgusted
1127,75,36.7,18.8,Happy
1128,84,36.9,13.8,Fearful
1129,74,36.7,17.2,Neutral
1130,93,36.6,20.8,Surprised
1131,82,36.9,15.2,Sad
1132,99,37.2,14.6,Angry
1133,92,36.8,19.4,Sad
1134,91,37.2,19,Happy
1135,100,36.5,19.5,Neutral
1136,76,36.9,17.6,Fearful
1137,73,36.8,17.2,Happy
1138,86,36.9,15.2,Sad
1139,92,36.7,13.1,Neutral
1140,90,37.3,14.9,Disgusted
1141,75,37.1,14.3,Surprised
1142,77,36.6,16.1,Neutral
1143,97,36.6,11.8,Sad
1144,73,36.9,18.9,Disgusted
1145,93,36.6,20.8,Neutral
1146,82,36.6,14,Disgusted
1147,99,37.1,18.8,Angry
1148,94,37.3,11.1,Neutral
1149,74,36.5,21.7,Happy
1150,79,36.8,11.8,Neutral
1151,75,36.5,21.5,Disgusted
1152,77,36.8,20.4,Fearful
1153,82,36.7,12.5,Fearful
1154,70,37.2,20.6,Neutral
1155,100,37.1,20.2,Happy
1156,74,36.7,11.8,Disgusted
1157,85,37.1,19.5,Disgusted
1158,72,36.5,15.3,Sad
1159,83,37.3,20.7,Fearful
1160,72,37.1,15.3,Happy
1161,79,36.6,16.8,Neutral
1162,75,36.7,20,Angry
1163,73,37.1,21.8,Sad
1164,77,37.2,20.4,Neutral
1165,78,36.6,14.3,Fearful
1166,96,36.6,19.2,Sad
1167,79,36.8,18.7,Happy
1168,96,37.1,20.5,Happy
1169,85,36.7,18.3,Neutral
1170,73,37.1,12.4,Happy
1171,92,36.8,20.2,Disgusted
1172,92,36.9,13.3,Neutral
1173,87,37.2,21.6,Surprised
1174,74,36.7,21.1,Disgusted
1175,96,37,14.1,Surprised
1176,98,37.3,21.5,Fearful
1177,98,36.6,17.1,Sad
1178,85,36.6,18.8,Happy
1179,71,36.6,18.9,Happy
1180,88,37.1,17.9,Sad
1181,96,37.4,17.3,Neutral
1182,71,36.7,20.8,Disgusted
1183,87,36.8,14.8,Sad
1184,92,37,19.5,Fearful
1185,75,36.5,16.4,Angry
1186,86,37.1,16.8,Neutral
1187,81,36.9,20.1,Neutral
1188,95,37,21.2,Disgusted
1189,89,36.6,17.9,Neutral
1190,82,37.3,11.9,Disgusted
1191,91,37,16.1,Sad
1192,91,36.6,12,Sad
1193,70,37.3,11.8,Disgusted
1194,79,37.2,18.3,Neutral
1195,88,36.8,14,Happy
1196,84,37.4,14,Sad
1197,71,36.9,17.5,Surprised
1198,72,36.8,20.8,Surprised
1199,98,36.7,12.7,Disgusted
1200,83,36.9,13.8,Neutral
1201,82,36.7,14.7,Surprised
1202,76,36.9,16.6,Fearful
1203,73,37.3,20.5,Fearful
1204,71,36.7,17.9,Happy
1205,92,37.1,13.3,Angry
1206,93,37.3,20,Disgusted
1207,93,36.5,12,Angry
1208,74,37,21.6,Angry
1209,87,37.3,17.3,Neutral
1210,73,37,16.3,Disgusted
1211,97,36.8,19.1,Disgusted
1212,99,36.8,14.6,Happy
1213,84,36.7,11.6,Neutral
1214,100,36.9,16.7,Neutral
1215,91,36.6,15.7,Happy
1216,97,37.4,16.7,Sad
1217,84,37.1,21,Angry
1218,81,36.6,18.2,Disgusted
1219,89,36.6,14.6,Fearful
1220,73,37.3,15,Neutral
1221,76,37.1,15.7,Angry
1222,94,37.1,17.2,Angry
1223,82,36.8,15.8,Angry
1224,94,36.5,16.9,Fearful
1225,95,36.8,20.6,Disgusted
1226,75,37.1,11.9,Surprised
1227,73,36.8,17.1,Angry
1228,77,36.8,17.8,Happy
1229,89,36.9,22,Disgusted
1230,74,36.7,16.5,Neutral
1231,83,36.9,11.3,Fearful
1232,82,37.3,16.7,Fearful
1233,89,36.8,13.3,Happy
1234,84,36.7,21.7,Angry
1235,91,37,13.1,Neutral
1236,96,36.7,21.4,Surprised
1237,96,37.1,21.9,Disgusted
1238,76,37,12.9,Surprised
1239,71,36.9,15.2,Sad
1240,86,37.1,12.6,Neutral
1241,95,37.1,12.3,Surprised
1242,72,36.6,12.6,Angry
1243,70,36.9,18.8,Angry
1244,85,36.7,13.9,Neutral
1245,91,36.6,13.8,Disgusted
1246,71,36.6,20.4,Happy
1247,70,36.7,13.6,Surprised
1248,84,37.1,11.6,Fearful
1249,91,36.6,14.4,Angry
1250,73,37.2,13.6,Fearful
1251,86,36.8,18.6,Fearful
1252,95,37,16,Disgusted
1253,82,37.1,14.4,Happy
1254,73,37.2,21.3,Fearful
1255,89,36.6,20.5,Happy
1256,92,36.9,13.1,Angry
1257,73,37.1,17.6,Neutral
1258,76,37.4,11.1,Sad
1259,92,37,15.7,Fearful
1260,76,36.9,15.2,Sad
1261,99,36.5,17,Neutral
1262,84,36.8,20.5,Happy
1263,80,36.6,17.9,Fearful
1264,100,37.4,18.5,Surprised
1265,80,36.8,20.3,Surprised
1266,93,36.8,17.7,Happy
1267,88,36.6,15.4,Disgusted
1268,94,37.1,13.4,Happy
1269,89,36.6,18.7,Fearful
1270,73,37.1,19.5,Happy
1271,95,37.1,16.5,Surprised
1272,98,36.7,21.8,Sad
1273,85,37.3,18.8,Fearful
1274,70,37.1,20.9,Surprised
1275,93,37.2,15.2,Neutral
1276,94,37.2,11.9,Sad
1277,87,37.4,19.1,Fearful
1278,79,36.7,11.2,Neutral
1279,89,37.2,17.4,Surprised
1280,82,37.4,12.3,Neutral
1281,98,36.6,20.7,Fearful
1282,92,37,21.2,Happy
1283,81,36.8,20.3,Disgusted
1284,74,37,13,Angry
1285,92,36.9,16.8,Disgusted
1286,87,36.9,13.1,Fearful
1287,71,37.3,19.4,Angry
1288,81,37.3,20.7,Neutral
1289,93,37,12.7,Neutral
1290,89,37.3,13.6,Disgusted
1291,95,37,14,Neutral
1292,76,37,11.7,Sad
1293,91,37.3,16.6,Surprised
1294,100,36.9,21.7,Happy
1295,77,36.9,18.3,Neutral
1296,77,36.9,15.5,Neutral
1297,80,36.8,16.8,Angry
1298,97,36.7,21.1,Surprised
1299,89,36.8,11.6,Sad
1300,73,36.9,12.2,Fearful
1301,71,37.2,12.2,Happy
1302,93,36.5,18.1,Neutral
1303,76,37.2,14.7,Fearful
1304,78,37.1,19.8,Disgusted
1305,76,37.3,14.8,Disgusted
1306,96,36.9,13.7,Surprised
1307,96,36.8,21,Happy
1308,92,37.4,11.8,Fearful
1309,90,37.3,19.9,Neutral
1310,81,37,13.5,Surprised
1311,99,37.2,20.8,Neutral
1312,72,36.9,17.3,Sad
1313,72,36.7,12.9,Surprised
1314,76,37.4,17,Angry
1315,78,36.8,17.6,Neutral
1316,84,36.7,16.5,Happy
1317,94,37.3,18.3,Disgusted
1318,76,37.3,21.9,Happy
1319,98,36.5,11.2,Sad
1320,93,36.6,17.9,Happy
1321,73,36.9,15.8,Happy
1322,90,37.1,13.6,Sad
1323,74,36.8,14.4,Disgusted
1324,83,36.7,12.5,Neutral
1325,84,37.2,14.8,Angry
1326,88,36.7,21.2,Disgusted
1327,96,37.3,13.3,Angry
1328,70,37.3,19.2,Angry
1329,76,37,18.6,Neutral
1330,81,37.2,13.5,Angry
1331,96,36.6,16,Angry
1332,85,36.9,11.7,Angry
1333,77,37.3,21.4,Neutral
1334,84,37.1,18.7,Surprised
1335,84,36.6,20.7,Surprised
1336,94,36.9,18.7,Surprised
1337,88,36.7,13.3,Disgusted
1338,72,36.7,15.8,Angry
1339,94,36.6,14.8,Sad
1340,80,37,20.6,Angry
1341,84,37.3,13.6,Fearful
1342,90,37.3,17.4,Surprised
1343,86,37.3,21.6,Happy
1344,75,37,16.1,Sad
1345,87,37.2,12.7,Happy
1346,87,36.8,21.2,Disgusted
1347,79,37,15.7,Sad
1348,82,37.2,13.7,Surprised
1349,85,36.6,19.4,Surprised
1350,95,37.4,12.4,Neutral
1351,88,36.7,17.5,Disgusted
1352,83,37.1,19.1,Surprised
1353,100,37.1,14,Sad
1354,82,37,18.7,Disgusted
1355,72,37.4,21,Angry
1356,94,37.1,11.3,Angry
1357,100,36.8,17.8,Neutral
1358,86,37.1,15.6,Angry
1359,87,36.8,13.1,Neutral
1360,72,37.2,16.4,Surprised
1361,71,37.4,20.9,Angry
1362,72,36.6,19.8,Happy
1363,86,37.3,20.7,Disgusted
1364,95,37.1,19.2,Neutral
1365,94,37,16.2,Sad
1366,72,36.8,19.4,Happy
1367,73,36.7,15.4,Neutral
1368,80,36.8,14.4,Angry
1369,79,36.6,16.3,Sad
1370,85,37.1,11.4,Surprised
1371,81,37,14.1,Surprised
1372,92,36.9,15.5,Neutral
1373,85,37.3,16.1,Angry
1374,85,36.6,21.6,Surprised
1375,79,37.1,20.7,Sad
1376,84,36.7,12.3,Angry
1377,86,37.1,19.2,Angry
1378,100,36.6,12.9,Happy
1379,70,36.8,18.5,Sad
1380,72,37.4,19.7,Disgusted
1381,90,36.9,18.8,Surprised
1382,74,37.2,13.5,Happy
1383,87,37.2,12.9,Neutral
1384,94,37.3,19.3,Sad
1385,71,36.7,16.8,Fearful
1386,92,36.5,21.2,Neutral
1387,94,36.9,20.5,Surprised
1388,76,36.8,19.3,Sad
1389,83,37,15.1,Surprised
1390,100,37.3,19.1,Sad
1391,90,36.8,21.1,Surprised
1392,94,37.3,14.5,Fearful
1393,86,36.8,14.6,Disgusted
1394,81,37.3,16.7,Angry
1395,99,37,16.2,Fearful
1396,89,36.9,13.5,Neutral
1397,99,36.7,14.2,Happy
1398,99,37.1,11.8,Surprised
1399,92,36.8,20.5,Neutral
1400,86,36.9,12.4,Sad
1401,88,37.4,14.6,Neutral
1402,72,36.9,19.8,Disgusted
1403,92,36.7,13.9,Sad
1404,97,37.4,21.4,Fearful
1405,91,37.1,11.3,Angry
1406,86,36.9,20,Sad
1407,80,37.3,20.2,Fearful
1408,83,37.2,15.5,Sad
1409,78,36.6,17.1,Neutral
1410,97,37,14,Sad
1411,98,36.8,16.6,Fearful
1412,76,36.7,15.2,Happy
1413,90,37.3,19.1,Fearful
1414,82,37.2,20.3,Disgusted
1415,71,37.1,18.3,Neutral
1416,97,37.4,19.9,Fearful
1417,96,37.1,19.8,Happy
1418,84,36.9,14.4,Fearful
1419,74,37.3,12.1,Angry
1420,91,36.6,14.9,Sad
1421,83,36.5,15.4,Happy
1422,89,37.2,15.3,Neutral
1423,97,37.2,20.1,Happy
1424,72,37.1,12.4,Sad
1425,97,36.5,12,Surprised
1426,71,36.9,20.5,Disgusted
1427,70,36.7,20.3,Neutral
1428,77,37.4,20,Disgusted
1429,86,36.7,19.3,Disgusted
1430,100,37.1,17.4,Happy
1431,74,36.8,21.8,Surprised
1432,99,36.9,19.6,Happy
1433,91,37.2,13.9,Surprised
1434,97,36.9,21.7,Neutral
1435,88,36.6,11.2,Angry
1436,88,37,12.5,Fearful
1437,70,37.1,17.7,Surprised
1438,94,36.7,20,Disgusted
1439,92,36.8,17.6,Fearful
1440,96,37.2,21.2,Angry
1441,96,36.6,16.9,Surprised
1442,88,36.7,13.4,Neutral
1443,87,37.2,13.8,Fearful
1444,75,36.7,15.2,Disgusted
1445,75,36.6,12.2,Surprised
1446,88,36.9,11.1,Sad
1447,89,36.8,14.4,Surprised
1448,89,36.7,17.1,Angry
1449,85,37.1,11.6,Happy
1450,91,37.1,21,Angry
1451,71,36.8,15.9,Happy
1452,100,36.8,14.1,Happy
1453,100,36.7,14.4,Sad
1454,77,37.3,11.5,Surprised
1455,97,37.4,18.9,Disgusted
1456,99,36.8,12.4,Surprised
1457,88,36.6,16.1,Disgusted
1458,85,36.5,19.6,Sad
1459,71,37.4,17.7,Happy
1460,98,37.4,14.7,Sad
1461,74,36.7,20.2,Happy
1462,79,37.2,15.6,Angry
1463,99,36.8,18.7,Neutral
1464,75,36.6,16.7,Neutral
1465,81,36.6,18.2,Surprised
1466,81,37,13.8,Fearful
1467,84,37.3,12.2,Happy
1468,78,36.5,20.1,Disgusted
1469,91,37.4,18.9,Fearful
1470,71,37.1,15,Happy
1471,90,36.8,14.3,Neutral
1472,74,37.2,21.8,Surprised
1473,90,37.4,12.7,Surprised
1474,75,37.1,13,Sad
1475,89,37.2,12.4,Angry
1476,90,36.8,15.1,Fearful
1477,99,36.9,14.4,Disgusted
1478,87,36.5,13,Angry
1479,83,36.7,22,Neutral
1480,76,36.6,19.2,Angry
1481,98,37.3,20.2,Neutral
1482,98,37.1,17.5,Sad
1483,79,36.6,12.4,Fearful
1484,82,37.3,20.2,Surprised
1485,96,36.7,17.8,Disgusted
1486,99,37.2,16.6,Neutral
1487,76,37,12.6,Angry
1488,82,37.1,14,Happy
1489,95,37.3,11.8,Angry
1490,76,37.4,12,Disgusted
1491,77,36.7,11.1,Sad
1492,92,36.8,17.2,Disgusted
1493,85,37.3,19,Fearful
1494,90,37.2,19.6,Neutral
1495,78,37,13.6,Neutral
1496,89,37.1,21.2,Happy
1497,86,37.4,15.2,Sad
1498,95,36.9,13.6,Fearful
1499,79,36.6,17,Fearful
1500,94,37,17,Fearful
1501,95,36.8,19.5,Angry
1502,74,36.6,12.5,Neutral
1503,100,36.6,11.7,Surprised
1504,87,37.1,21.9,Surprised
1505,85,36.6,12.8,Disgusted
1506,92,37.3,20.2,Angry
1507,82,37.3,21.2,Happy
1508,94,37,11.4,Happy
1509,99,37.2,18.6,Sad
1510,87,37.1,16.5,Surprised
1511,93,36.7,20.9,Fearful
1512,72,36.7,18.7,Angry
1513,82,37.3,18,Sad
1514,100,37.2,17.5,Sad
1515,77,37.1,16.7,Disgusted
1516,82,36.9,12.3,Sad
1517,95,36.9,17.7,Sad
1518,75,37.1,19.5,Neutral
1519,83,36.6,15.1,Neutral
1520,93,37.3,19,Fearful
1521,90,37,21.5,Angry
1522,92,37.3,15.6,Disgusted
1523,79,37.4,12.7,Disgusted
1524,94,37.1,13.1,Neutral
1525,93,37,12.4,Fearful
1526,92,36.6,21.5,Neutral
1527,83,37,21.3,Happy
1528,100,37.2,16,Disgusted
1529,77,36.6,13.5,Neutral
1530,96,37.4,20.5,Happy
1531,91,37.2,15.9,Surprised
1532,81,36.9,12.8,Surprised
1533,75,37.4,13.8,Happy
1534,92,37,11.8,Angry
1535,91,36.8,18.2,Happy
1536,89,37.1,12.1,Neutral
1537,100,37.2,16.3,Angry
1538,84,37.2,18,Angry
1539,91,36.6,19.4,Happy
1540,96,36.5,13.2,Fearful
1541,77,36.6,11.6,Surprised
1542,94,36.8,13,Surprised
1543,70,37,17.3,Angry
1544,82,37,14.5,Happy
1545,85,36.6,21.4,Disgusted
1546,84,36.8,15.1,Disgusted
1547,88,37.3,20.3,Fearful
1548,85,37.1,12.8,Neutral
1549,72,36.8,21.3,Disgusted
1550,96,37.1,18,Sad
1551,75,37,16.1,Happy
1552,76,36.8,19.5,Fearful
1553,97,36.7,21.7,Happy
1554,100,36.6,14.1,Disgusted
1555,77,36.8,20.5,Fearful
1556,84,37.1,18.4,Neutral
1557,96,37.3,15.1,Sad
1558,70,37.2,11.5,Neutral
1559,96,37.2,12.8,Sad
1560,100,37.1,18.1,Disgusted
1561,100,36.7,14.5,Sad
1562,99,37,14.1,Disgusted
1563,85,36.9,18.2,Angry
1564,100,37.1,18.4,Surprised
1565,74,36.7,20.4,Happy
1566,74,37.4,18.5,Happy
1567,82,37.2,12.7,Disgusted
1568,80,37.4,17.2,Neutral
1569,95,37.4,20.7,Neutral
1570,76,36.7,20.6,Disgusted
1571,70,37.2,20.1,Disgusted
1572,79,37.1,21.1,Surprised
1573,75,36.5,20.9,Fearful
1574,88,37.1,15.2,Happy
1575,91,36.8,18.5,Angry
1576,87,36.7,16,Happy
1577,90,37.1,12.3,Angry
1578,87,37,14.4,Surprised
1579,76,37.3,19.1,Fearful
1580,100,37,20.7,Surprised
1581,100,37.2,13.8,Disgusted
1582,81,36.6,21.5,Sad
1583,76,36.6,13.5,Sad
1584,78,37.4,11.4,Fearful
1585,86,36.5,20.3,Sad
1586,92,36.6,17.3,Happy
1587,83,36.9,18.9,Disgusted
1588,73,36.7,12.8,Fearful
1589,70,36.5,12.7,Surprised
1590,94,36.6,21.9,Disgusted
1591,70,36.9,18.7,Angry
1592,81,36.5,16.6,Sad
1593,81,37,18.7,Angry
1594,78,36.6,15.1,Disgusted
1595,100,36.5,16.2,Surprised
1596,84,37.4,11.7,Disgusted
1597,91,37.3,19.8,Happy
1598,79,36.6,16.5,Surprised
1599,73,36.7,11.8,Surprised
1600,95,36.7,11.3,Angry
1601,86,36.6,21.5,Angry
1602,82,36.8,13.7,Surprised
1603,95,36.9,15.3,Angry
1604,90,36.6,20,Surprised
1605,81,36.8,13.9,Neutral
1606,78,37.4,12.1,Surprised
1607,81,37.1,20.9,Disgusted
1608,85,36.7,21.5,Happy
1609,95,36.8,14.4,Disgusted
1610,76,37.1,17.9,Surprised
1611,75,36.6,19.8,Sad
1612,86,36.9,16.5,Fearful
1613,100,36.6,16,Surprised
1614,85,37.3,13.7,Angry
1615,80,36.7,14.5,Happy
1616,92,37.4,16.1,Sad
1617,81,37.1,11.2,Surprised
1618,97,36.9,18,Surprised
1619,71,37.2,21.6,Happy
1620,92,37.2,11.5,Surprised
1621,72,36.6,13.6,Surprised
1622,91,36.6,20,Disgusted
1623,88,37.2,13.3,Sad
1624,81,37.1,17.3,Angry
1625,81,37.2,21.4,Neutral
1626,78,37.1,21.9,Sad
1627,76,37.1,12.9,Angry
1628,79,36.7,20.4,Fearful
1629,76,36.9,16.6,Fearful
1630,75,37.2,20.5,Angry
1631,82,36.6,20.4,Fearful
1632,75,37.2,17.3,Neutral
1633,94,36.8,21.4,Angry
1634,77,36.8,13.9,Angry
1635,97,36.6,17,Sad
1636,96,36.7,15.8,Neutral
1637,96,36.9,19.4,Neutral
1638,97,36.8,13.8,Angry
1639,87,37.3,15.3,Neutral
1640,93,37.4,19.7,Disgusted
1641,85,37.1,16.8,Sad
1642,71,37.3,19.8,Sad
1643,82,37,21.5,Happy
1644,79,36.6,21,Angry
1645,86,37.3,11.7,Surprised
1646,76,37.1,19.6,Sad
1647,73,36.7,17,Surprised
1648,97,37,16.4,Sad
1649,97,37.2,12.3,Angry
1650,88,36.8,12,Happy
1651,77,37.3,19.4,Disgusted
1652,96,37.2,13.8,Angry
1653,71,36.6,14.6,Sad
1654,90,36.9,15.1,Sad
1655,87,36.7,17.6,Fearful
1656,95,37.2,19.1,Disgusted
1657,90,37,11.1,Neutral
1658,85,36.7,11.4,Sad
1659,72,37,21.8,Neutral
1660,99,37.1,16.8,Disgusted
1661,90,36.7,20,Angry
1662,99,36.9,19,Surprised
1663,91,37,12.1,Neutral
1664,72,36.5,21.4,Happy
1665,98,36.6,15.9,Disgusted
1666,78,36.6,15.9,Surprised
1667,71,37,19.4,Neutral
1668,82,36.6,13.1,Fearful
1669,70,37.2,17.3,Sad
1670,75,37,21.7,Angry
1671,72,37.1,20.7,Disgusted
1672,100,37.2,19.4,Disgusted
1673,94,36.7,15,Sad
1674,74,37.1,13,Fearful
1675,77,37.2,14.6,Angry
1676,88,37.2,15.7,Surprised
1677,98,36.9,20.7,Sad
1678,89,37.1,20.2,Disgusted
1679,73,36.5,20.3,Angry
1680,90,36.5,11.5,Sad
1681,72,36.5,19.3,Disgusted
1682,86,37.1,20.5,Happy
1683,70,37.3,20,Fearful
1684,95,36.9,20.3,Happy
1685,86,36.8,18.9,Neutral
1686,81,37.4,11,Angry
1687,70,36.9,21.9,Happy
1688,86,37.1,15.3,Happy
1689,80,37.4,19.8,Sad
1690,98,37.1,13,Neutral
1691,75,36.9,13.4,Sad
1692,74,37.3,18.4,Neutral
1693,72,37,21.7,Disgusted
1694,99,36.9,11.6,Angry
1695,76,37.1,13.2,Neutral
1696,87,37.2,21.2,Sad
1697,76,37.3,13.1,Angry
1698,83,36.7,14.9,Surprised
1699,93,36.6,12.3,Sad
1700,91,37,21.5,Sad
1701,79,37.3,12.8,Angry
1702,82,37.2,11.5,Disgusted
1703,99,37.3,14.9,Happy
1704,86,37.2,21.1,Surprised
1705,73,36.7,13.7,Happy
1706,98,37,14.4,Neutral
1707,75,36.8,18.7,Sad
1708,79,36.6,19.1,Surprised
1709,92,36.8,18.8,Happy
1710,88,37.1,19.5,Angry
1711,87,37,14.6,Angry
1712,72,37.3,16.6,Happy
1713,92,37.2,17.7,Happy
1714,75,37.2,17.5,Angry
1715,90,37.1,19,Disgusted
1716,76,37.1,16.3,Disgusted
1717,92,37.1,14.1,Fearful
1718,74,36.5,19.7,Happy
1719,85,37.1,15,Fearful
1720,79,36.7,18,Sad
1721,89,37.4,15.9,Sad
1722,70,36.7,21.3,Surprised
1723,72,36.6,16.1,Neutral
1724,87,37,15.5,Sad
1725,96,37.3,15.3,Disgusted
1726,84,37.4,13.5,Happy
1727,81,37.1,11.6,Sad
1728,85,36.8,15.3,Happy
1729,72,36.9,19.9,Fearful
1730,84,36.7,15.9,Sad
1731,100,37.2,19.6,Disgusted
1732,76,36.9,12,Neutral
1733,90,36.6,15.5,Happy
1734,88,37.1,18.7,Sad
1735,89,37.2,14.4,Disgusted
1736,81,36.6,15.8,Angry
1737,75,37.4,20.5,Angry
1738,90,37.3,15.6,Neutral
1739,87,36.6,19.2,Disgusted
1740,74,36.6,20.9,Surprised
1741,79,36.8,14.9,Happy
1742,97,36.8,21.2,Disgusted
1743,83,37.1,21,Neutral
1744,84,37,19.3,Neutral
1745,97,36.9,20.7,Sad
1746,76,37.4,18.2,Neutral
1747,86,37.2,18.5,Angry
1748,99,37.1,13.4,Fearful
1749,98,37.1,19.4,Happy
1750,88,37.3,11.3,Sad
1751,85,37.4,21.6,Sad
1752,91,36.7,19.6,Angry
1753,85,36.7,17.9,Fearful
1754,88,36.9,21.7,Happy
1755,90,36.8,19.3,Fearful
1756,71,36.7,12.2,Neutral
1757,92,37.1,18.1,Happy
1758,87,36.7,20.6,Disgusted
1759,78,36.7,11.8,Fearful
1760,73,36.9,14.3,Fearful
1761,71,36.7,19.4,Neutral
1762,86,37.1,13.8,Angry
1763,70,37.4,20.6,Happy
1764,96,36.6,19.8,Happy
1765,99,36.8,12.3,Neutral
1766,71,36.9,16.2,Fearful
1767,91,36.9,21,Fearful
1768,71,36.6,19.6,Happy
1769,71,36.9,13.6,Fearful
1770,93,36.8,11.1,Neutral
1771,97,37.2,18.8,Sad
1772,71,36.9,17.4,Fearful
1773,99,37.2,18.9,Surprised
1774,98,36.5,20.3,Disgusted
1775,83,36.9,18.6,Angry
1776,77,36.6,12.6,Sad
1777,83,36.9,19.9,Disgusted
1778,74,36.5,17,Sad
1779,72,36.6,12.4,Neutral
1780,73,37.2,17.1,Sad
1781,71,36.7,11.9,Sad
1782,87,36.9,14,Sad
1783,96,37.3,16.8,Disgusted
1784,81,37.3,12.9,Happy
1785,91,37.1,17.4,Sad
1786,96,36.5,11.2,Disgusted
1787,93,36.9,20.4,Fearful
1788,98,37.4,14.1,Surprised
1789,71,37.3,20.7,Sad
1790,94,36.9,12.9,Disgusted
1791,81,37,22,Angry
1792,79,36.7,17.8,Happy
1793,88,36.6,12.8,Happy
1794,77,37.1,20.7,Happy
1795,97,37.2,13.5,Angry
1796,82,37.3,12.9,Fearful
1797,85,36.8,18.9,Disgusted
1798,93,37.3,14.5,Surprised
1799,96,37,16.4,Angry
1800,72,36.8,16,Angry
1801,84,36.7,15.4,Disgusted
1802,97,36.8,16,Surprised
1803,82,37,21.2,Disgusted
1804,83,37.1,15.1,Fearful
1805,99,36.8,13.3,Fearful
1806,92,36.7,14.1,Fearful
1807,98,37.1,14.4,Neutral
1808,89,36.6,12.8,Neutral
1809,71,36.9,13.9,Neutral
1810,76,36.7,15,Angry
1811,87,37,16.3,Happy
1812,92,37.2,15.9,Happy
1813,83,37.2,16.3,Happy
1814,80,37,21.5,Sad
1815,97,37.3,13.1,Angry
1816,99,37.1,16.8,Sad
1817,98,36.9,14.6,Fearful
1818,74,36.8,21,Sad
1819,81,37,12.6,Surprised
1820,70,36.7,12.7,Surprised
1821,94,36.6,11.3,Disgusted
1822,82,36.7,19.9,Sad
1823,70,36.7,18.8,Disgusted
1824,100,37.4,12.6,Surprised
1825,74,36.9,18.3,Disgusted
1826,86,37.2,15,Fearful
1827,87,36.9,19.1,Angry
1828,88,37.3,20.9,Neutral
1829,94,36.9,12,Fearful
1830,83,36.9,21.6,Sad
1831,81,37,13.2,Disgusted
1832,95,36.5,12.5,Happy
1833,78,36.7,15.9,Fearful
1834,98,37.1,11.1,Disgusted
1835,99,37.3,17,Angry
1836,88,37,14.6,Sad
1837,81,37.1,19.9,Happy
1838,81,36.7,13.1,Surprised
1839,93,37.1,16.3,Fearful
1840,82,37.2,19.2,Happy
1841,78,37.2,11.1,Sad
1842,92,36.7,12.4,Surprised
1843,97,36.8,18.6,Angry
1844,80,36.7,21.3,Sad
1845,99,37.2,13.1,Fearful
1846,74,37,15.2,Happy
1847,75,37.1,13.3,Happy
1848,94,36.7,18.3,Disgusted
1849,77,37,16.7,Angry
1850,83,37.1,18.1,Happy
1851,88,36.5,16.1,Fearful
1852,71,37.4,14.1,Sad
1853,82,36.7,13,Neutral
1854,84,37.3,21.7,Disgusted
1855,86,37.3,12.8,Angry
1856,74,36.7,18.9,Sad
1857,75,37.2,20.2,Fearful
1858,78,36.9,15,Happy
1859,88,37.3,15.4,Surprised
1860,71,37.1,17.7,Angry
1861,99,37,13.7,Surprised
1862,100,37.4,15.2,Surprised
1863,72,37.2,12.7,Angry
1864,78,36.6,15.9,Angry
1865,92,36.5,18.2,Surprised
1866,70,37.1,19.8,Angry
1867,98,37.3,16.8,Surprised
1868,89,37.2,11.7,Fearful
1869,75,37.2,21.9,Happy
1870,91,36.7,18.5,Neutral
1871,88,36.6,12.4,Fearful
1872,98,37.3,13.7,Surprised
1873,91,36.8,11.2,Sad
1874,83,36.8,15,Disgusted
1875,73,37.4,13.8,Surprised
1876,82,36.8,17.4,Fearful
1877,96,36.7,11.9,Happy
1878,81,37.2,16.8,Happy
1879,78,36.6,18.9,Neutral
1880,83,36.9,11.9,Angry
1881,73,37.3,11.5,Sad
1882,83,36.7,19.4,Disgusted
1883,77,37.3,15.9,Happy
1884,90,37.1,12.6,Sad
1885,91,36.6,17.7,Disgusted
1886,86,36.8,16.7,Surprised
1887,84,37,16.7,Fearful
1888,96,36.8,18.3,Disgusted
1889,99,36.5,20.8,Happy
1890,72,37.2,11.7,Sad
1891,76,36.5,19.2,Neutral
1892,99,37.2,18.5,Fearful
1893,92,37.3,11.1,Neutral
1894,82,36.9,18.6,Happy
1895,94,36.5,17.3,Angry
1896,70,37.2,20.7,Sad
1897,91,37.4,11.4,Neutral
1898,74,36.9,12.2,Surprised
1899,71,37.2,12.7,Angry
1900,78,37.1,12.5,Fearful
1901,93,37.1,18.6,Fearful
1902,71,37.3,18.8,Happy
1903,90,36.6,14.5,Neutral
1904,100,36.6,13.2,Surprised
1905,91,37.2,21.6,Sad
1906,71,36.9,14.5,Angry
1907,95,36.7,18,Sad
1908,74,37,19.6,Disgusted
1909,89,36.8,16.5,Disgusted
1910,82,36.8,21.5,Happy
1911,84,36.5,17.2,Surprised
1912,89,37,13.2,Angry
1913,74,36.6,20,Fearful
1914,97,37,13.9,Surprised
1915,98,37.1,15.2,Neutral
1916,76,37.1,11.2,Happy
1917,93,36.9,12.4,Disgusted
1918,88,37,11.6,Fearful
1919,77,37.2,14.4,Neutral
1920,88,37.3,15.8,Sad
1921,99,36.7,15.1,Sad
1922,100,36.6,16.4,Happy
1923,97,37.1,18.9,Neutral
1924,84,36.8,18.2,Angry
1925,86,37.1,14.2,Neutral
1926,88,37,12.5,Angry
1927,82,36.7,21.2,Angry
1928,72,36.5,16.9,Disgusted
1929,80,36.7,21.1,Neutral
1930,100,36.9,21.7,Sad
1931,74,37.4,21.4,Fearful
1932,73,36.5,19.9,Sad
1933,92,36.5,13,Happy
1934,78,36.9,16.7,Disgusted
1935,75,37.1,15.5,Surprised
1936,88,37.3,13.6,Happy
1937,87,37.4,13,Disgusted
1938,75,36.7,11.1,Fearful
1939,85,37.1,17.3,Neutral
1940,82,36.6,16.7,Fearful
1941,86,37.3,16.5,Happy
1942,88,37.4,14.4,Neutral
1943,88,36.8,12.4,Fearful
1944,75,36.9,13.6,Fearful
1945,84,37.4,15.4,Happy
1946,74,36.7,20.4,Disgusted
1947,83,36.5,20,Angry
1948,71,37.4,15.7,Surprised
1949,82,36.5,13.1,Disgusted
1950,93,36.7,11.3,Disgusted
1951,73,36.5,21.2,Neutral
1952,97,37.3,19.1,Neutral
1953,100,37.2,11.5,Angry
1954,80,36.7,16.5,Sad
1955,81,36.7,18.3,Angry
1956,91,36.7,20.5,Happy
1957,94,36.5,13.9,Angry
1958,95,37,11.6,Happy
1959,76,37.2,16.1,Angry
1960,88,36.8,14.5,Fearful
1961,88,36.8,16.7,Happy
1962,74,36.6,19.9,Sad
1963,94,36.7,18.1,Surprised
1964,73,36.5,20.1,Happy
1965,80,36.5,17.2,Neutral
1966,79,37.4,13.2,Disgusted
1967,80,37.2,15.3,Neutral
1968,83,36.6,20.3,Surprised
1969,72,37.4,17.4,Fearful
1970,93,36.7,17,Fearful
1971,81,37,13.9,Surprised
1972,85,37,18.2,Surprised
1973,92,37.1,16.1,Disgusted
1974,80,37,11.4,Fearful
1975,86,37,18.9,Happy
1976,95,37.3,20.9,Sad
1977,94,36.6,17.8,Disgusted
1978,80,36.8,14.9,Angry
1979,74,37.2,12.3,Disgusted
1980,71,36.9,17.8,Sad
1981,81,37.2,16.9,Disgusted
1982,94,37.1,13.5,Fearful
1983,74,37.2,20,Fearful
1984,86,36.6,18.9,Disgusted
1985,73,37.3,18.9,Surprised
1986,95,36.9,16.1,Fearful
1987,76,37.4,21.8,Neutral
1988,79,36.7,17.1,Surprised
1989,94,36.9,21.1,Surprised
1990,98,37.1,14.8,Disgusted
1991,72,37.1,19.2,Fearful
1992,92,36.7,17.4,Sad
1993,74,36.7,12.9,Angry
1994,85,36.9,17.1,Happy
1995,86,37.4,22,Happy
1996,77,36.9,16.2,Fearful
1997,100,36.6,12.8,Angry
1998,76,36.8,20.7,Angry
1999,89,36.8,13,Surprised
2000,82,36.8,12.2,Angry
2001,82,36.8,21.5,Neutral
2002,87,37,18,Fearful
2003,73,37,16.4,Neutral
2004,91,36.8,17.9,Angry
2005,88,37.1,15.1,Disgusted
2006,86,36.8,16.8,Surprised
2007,76,37.4,13,Surprised
2008,95,36.5,20.2,Surprised
2009,83,36.8,17.3,Surprised
2010,84,37.2,15.4,Neutral
2011,86,36.8,15.7,Disgusted
2012,88,37.2,19.8,Disgusted
2013,95,37.2,20,Angry
2014,79,36.8,20.4,Happy
2015,94,37.2,12.1,Angry
2016,84,36.9,11.4,Fearful
2017,87,37.2,21.4,Surprised
2018,96,37,18.2,Sad
2019,96,37.4,21.2,Angry
2020,92,36.9,20,Fearful
2021,83,36.7,11.5,Angry
2022,70,36.7,11.1,Fearful
2023,86,36.5,12.9,Surprised
2024,77,37.2,14.1,Disgusted
2025,83,36.9,16.8,Happy
2026,87,36.6,11.1,Neutral
2027,70,37.3,15.3,Disgusted
2028,88,37.3,16.8,Happy
2029,83,36.9,20.9,Happy
2030,89,37.1,20.1,Fearful
2031,72,36.5,15,Angry
2032,88,36.7,15.4,Happy
2033,77,36.9,11.5,Disgusted
2034,79,37.1,15.9,Angry
2035,96,37.2,14.4,Sad
2036,100,36.9,18.4,Surprised
2037,71,36.6,18.4,Happy
2038,93,36.5,11.2,Neutral
2039,81,36.9,16.7,Surprised
2040,72,37.3,18.1,Happy
2041,96,36.7,17.3,Happy
2042,70,37.2,21.7,Surprised
2043,91,36.7,11.6,Fearful
2044,86,37.1,13.8,Sad
2045,81,37.1,18.7,Neutral
2046,82,36.6,17.4,Angry
2047,99,37.2,18.5,Sad
2048,85,36.9,18.8,Surprised
2049,74,36.7,12.4,Surprised
2050,77,37.2,18,Sad
2051,92,37.2,11.2,Sad
2052,98,37,19.7,Angry
2053,98,37.3,20.7,Fearful
2054,76,37.3,13.7,Sad
2055,76,37.4,12.7,Neutral
2056,87,37.3,13.5,Sad
2057,100,36.8,16.1,Surprised
2058,86,36.9,14.6,Neutral
2059,85,36.6,18.4,Neutral
2060,98,36.5,13.3,Angry
2061,97,36.6,13.1,Fearful
2062,91,37.1,13.4,Surprised
2063,81,36.6,20.6,Surprised
2064,85,36.9,14.8,Disgusted
2065,90,36.8,16.4,Fearful
2066,94,37.2,12.6,Happy
2067,79,36.9,17.1,Disgusted
2068,72,37.2,15.6,Angry
2069,84,36.7,19.6,Happy
2070,77,37.1,21.3,Neutral
2071,100,36.5,12.4,Happy
2072,90,36.6,15.6,Sad
2073,99,36.7,13.5,Sad
2074,83,37.3,12.8,Angry
2075,70,37.1,18.7,Neutral
2076,79,36.8,17.5,Surprised
2077,86,37.1,20.2,Disgusted
2078,91,37,14.3,Disgusted
2079,91,36.6,20.7,Surprised
2080,83,36.7,15.2,Surprised
2081,82,37.4,13.6,Surprised
2082,86,36.7,15.2,Sad
2083,94,36.9,16,Fearful
2084,86,36.9,11.6,Disgusted
2085,82,37,16.8,Neutral
2086,100,37,11.8,Neutral
2087,96,37.3,12.4,Angry
2088,83,36.6,15.5,Fearful
2089,83,37.3,19.5,Happy
2090,98,37.1,13.6,Sad
2091,88,37,20.7,Fearful
2092,89,37,13.9,Sad
2093,96,36.9,18.7,Surprised
2094,73,36.5,14.4,Fearful
2095,92,37.2,16.7,Neutral
2096,81,36.6,15.2,Neutral
2097,80,36.6,21.7,Fearful
2098,84,36.9,18.4,Surprised
2099,72,36.8,15.8,Happy
2100,92,36.9,14.3,Angry
2101,91,36.8,17.6,Happy
2102,96,36.9,17.8,Surprised
2103,81,37.3,21.5,Neutral
2104,96,36.6,16.8,Angry
2105,90,37.1,14.8,Angry
2106,87,37.4,18.6,Neutral
2107,95,36.6,15.6,Happy
2108,70,36.8,20.6,Disgusted
2109,81,36.7,14.1,Disgusted
2110,89,36.8,20.8,Sad
2111,88,36.9,11.3,Neutral
2112,86,36.8,19.4,Sad
2113,93,36.5,16.9,Surprised
2114,76,36.5,20.7,Fearful
2115,89,36.7,19.8,Disgusted
2116,82,37.1,13.5,Neutral
2117,75,37.3,12,Fearful
2118,76,37.1,14.2,Angry
2119,72,37,12.8,Happy
2120,90,37.1,12.9,Fearful
2121,93,36.5,19.8,Angry
2122,84,36.8,11.8,Happy
2123,78,37.3,15.2,Surprised
2124,90,37.1,12.3,Happy
2125,92,37.1,12.9,Angry
2126,99,37.2,21.1,Surprised
2127,78,37.4,18,Angry
2128,87,36.7,20.6,Neutral
2129,91,37.3,19.8,Surprised
2130,81,36.7,18.8,Sad
2131,75,37.2,17.2,Happy
2132,82,36.9,19.7,Neutral
2133,90,37,16.9,Fearful
2134,81,37.1,19.1,Neutral
2135,83,36.8,14,Sad
2136,76,37.2,17,Surprised
2137,94,37.1,21.2,Happy
2138,72,36.8,18,Fearful
2139,98,37,21.9,Sad
2140,99,36.6,13.8,Happy
2141,91,37.3,13.6,Surprised
2142,96,36.7,20.5,Angry
2143,73,36.7,20.4,Sad
2144,81,37.3,18.8,Disgusted
2145,95,37.2,19.6,Surprised
2146,99,36.9,20.9,Happy
2147,84,36.7,13.3,Angry
2148,98,37,13.1,Surprised
2149,77,36.6,18.7,Happy
2150,81,36.9,12.3,Angry
2151,84,37,20.9,Fearful
2152,84,37,21.9,Fearful
2153,70,37.3,18.4,Sad
2154,88,37.1,19.4,Neutral
2155,90,36.9,18,Disgusted
2156,79,37.1,16.6,Sad
2157,88,36.6,19.4,Happy
2158,76,36.5,12.5,Surprised
2159,86,37.3,12.4,Surprised
2160,79,37,14.1,Angry
2161,93,37.2,18.2,Sad
2162,93,36.7,11.3,Angry
2163,72,36.6,14.5,Surprised
2164,87,36.8,13.7,Neutral
2165,87,37.1,16.5,Angry
2166,70,36.8,16.6,Neutral
2167,73,37.4,16.8,Happy
2168,98,37,12.1,Fearful
2169,82,37.1,18.5,Disgusted
2170,80,37.1,21.7,Surprised
2171,79,36.7,15.1,Disgusted
2172,77,36.7,17.2,Neutral
2173,88,37,18.9,Surprised
2174,79,36.9,15.3,Fearful
2175,87,37,15.6,Neutral
2176,88,36.6,16.2,Disgusted
2177,88,36.7,12.3,Disgusted
2178,91,36.9,11.5,Surprised
2179,71,36.7,21.4,Neutral
2180,98,37,11.8,Happy
2181,96,37,20.9,Fearful
2182,93,37.2,11.3,Fearful
2183,72,37.3,16.8,Sad
2184,91,37.1,17.2,Sad
2185,93,36.9,17.5,Sad
2186,70,37.1,12.2,Fearful
2187,70,36.8,12.3,Fearful
2188,70,37,16.2,Angry
2189,85,37.2,19.2,Fearful
2190,98,36.7,16.5,Neutral
2191,95,36.6,20.2,Happy
2192,100,37.1,12.8,Disgusted
2193,100,37.3,15.3,Disgusted
2194,98,36.6,21.7,Happy
2195,79,37.4,15.6,Angry
2196,93,37.3,13.5,Angry
2197,78,36.7,16.6,Neutral
2198,95,37.3,22,Angry
2199,91,37.1,21.9,Disgusted
2200,70,37,15.6,Fearful
2201,76,36.5,19.1,Disgusted
2202,80,37,14.7,Neutral
2203,82,37,18.9,Happy
2204,92,37,18,Disgusted
2205,73,37.2,21.3,Surprised
2206,85,36.9,18.5,Happy
2207,75,37.4,12.5,Happy
2208,75,36.9,11.2,Sad
2209,88,37.4,18.3,Sad
2210,91,37.4,19.7,Surprised
2211,81,37.2,13.4,Fearful
2212,99,36.9,15.4,Sad
2213,94,36.6,13.4,Happy
2214,93,37.2,12.1,Happy
2215,95,37.2,13,Happy
2216,73,36.8,21.2,Surprised
2217,83,37.2,15,Disgusted
2218,97,36.8,15.4,Surprised
2219,77,37.1,15.6,Surprised
2220,80,36.7,13.8,Fearful
2221,84,36.9,17.3,Angry
2222,85,36.9,19.2,Disgusted
2223,80,37.3,19.8,Surprised
2224,89,37.3,20.5,Sad
2225,83,37.4,11.1,Fearful
2226,72,36.8,14.1,Fearful
2227,79,36.6,12.1,Sad
2228,72,37.4,18.6,Fearful
2229,86,36.5,20.1,Neutral
2230,75,36.6,21.3,Disgusted
2231,94,37,21,Fearful
2232,99,36.9,20.2,Sad
2233,93,37.2,18.8,Neutral
2234,97,37.2,15.1,Angry
2235,75,37.3,17.4,Angry
2236,99,36.6,21.7,Angry
2237,75,37.2,17,Sad
2238,87,36.9,16.7,Sad
2239,89,37.1,13.7,Happy
2240,98,37.2,13.1,Disgusted
2241,73,37.1,13.5,Fearful
2242,85,36.8,21.1,Fearful
2243,76,37.2,18.7,Neutral
2244,94,37,18.8,Surprised
2245,89,36.6,20.8,Fearful
2246,86,37.2,19.3,Angry
2247,83,37.1,12.1,Fearful
2248,87,37.2,11.4,Fearful
2249,70,37.3,20.5,Angry
2250,99,36.9,16.6,Fearful
2251,81,36.5,16.5,Disgusted
2252,95,36.5,20.2,Disgusted
2253,74,37.3,12.5,Fearful
2254,76,36.9,15.6,Angry
2255,71,36.6,15.3,Fearful
2256,94,37.2,17.9,Disgusted
2257,91,36.7,20.9,Angry
2258,97,36.9,12.4,Angry
2259,78,37.2,16.8,Angry
2260,78,36.7,12,Disgusted
2261,73,37.3,11.3,Happy
2262,99,37.2,21.7,Neutral
2263,98,37.4,21.4,Happy
2264,75,37.2,18.6,Fearful
2265,74,37.3,14.7,Surprised
2266,81,37.2,14.8,Neutral
2267,75,36.5,21.4,Disgusted
2268,94,36.8,16.3,Angry
2269,81,36.6,21.5,Happy
2270,85,37,21,Fearful
2271,70,37.3,21.5,Sad
2272,81,37.1,17.8,Sad
2273,98,36.8,14.2,Happy
2274,95,37.2,20.7,Disgusted
2275,87,36.6,21.2,Fearful
2276,98,37.2,13,Happy
2277,72,37.4,18.9,Surprised
2278,78,36.6,20.3,Fearful
2279,86,36.7,14.4,Angry
2280,81,36.9,18.5,Neutral
2281,78,36.6,12.8,Happy
2282,83,36.6,18.9,Sad
2283,72,37.3,12.7,Angry
2284,93,36.9,20.4,Happy
2285,100,36.8,16.1,Sad
2286,72,37.1,17.1,Surprised
2287,87,36.7,17.7,Disgusted
2288,97,37.2,18.4,Surprised
2289,72,36.8,18.1,Fearful
2290,92,37.3,12.7,Sad
2291,76,36.8,12.2,Sad
2292,98,37,15.6,Disgusted
2293,100,36.8,18,Sad
2294,95,37.3,11.4,Angry
2295,82,37.1,15.6,Disgusted
2296,99,37.2,16.1,Neutral
2297,79,37.2,11.3,Neutral
2298,94,37.2,19.4,Neutral
2299,99,36.8,12.8,Happy
2300,98,36.6,18.2,Surprised
2301,72,37,16.3,Happy
2302,72,37.1,16.5,Neutral
2303,74,37.1,21.4,Disgusted
2304,89,37.2,13.9,Surprised
2305,77,37.1,18.5,Surprised
2306,70,36.7,17.4,Happy
2307,74,36.8,19.2,Angry
2308,73,37.1,21.5,Fearful
2309,91,36.5,20.5,Angry
2310,70,37.4,19.8,Fearful
2311,97,36.7,18.3,Angry
2312,77,36.7,14.2,Disgusted
2313,91,36.7,11.4,Surprised
2314,87,37.2,15.4,Disgusted
2315,98,36.9,16.5,Surprised
2316,94,37.1,16.3,Fearful
2317,70,37.3,20.1,Sad
2318,81,36.6,19.9,Fearful
2319,70,37.3,12.4,Sad
2320,98,37.1,21.8,Happy
2321,96,36.8,19.7,Angry
2322,80,37,17.8,Surprised
2323,92,36.9,21.2,Disgusted
2324,92,37.1,20.2,Sad
2325,92,37,18.6,Fearful
2326,84,36.8,21.9,Sad
2327,82,37,14.6,Neutral
2328,92,36.6,19.2,Sad
2329,86,36.6,12.8,Neutral
2330,94,37.2,14.8,Angry
2331,87,36.6,18.1,Neutral
2332,95,37.3,12.9,Happy
2333,79,37.1,17,Neutral
2334,85,37.1,16.8,Surprised
2335,78,37,21.6,Happy
2336,78,37.3,20.7,Angry
2337,90,37.1,18.3,Neutral
2338,88,37.2,21.9,Fearful
2339,91,36.9,20.8,Surprised
2340,79,36.8,14.8,Fearful
2341,87,37.1,19.8,Surprised
2342,85,36.6,19.4,Surprised
2343,91,36.7,16.4,Surprised
2344,70,37.3,19.6,Angry
2345,77,37.2,14.8,Surprised
2346,71,37.2,14.2,Happy
2347,98,36.8,12.6,Disgusted
2348,75,36.8,20.1,Angry
2349,77,36.7,19.2,Fearful
2350,78,36.6,21.4,Fearful
2351,94,36.5,19.6,Fearful
2352,78,36.7,19.3,Angry
2353,71,37.3,21.6,Happy
2354,71,36.6,20.3,Sad
2355,77,36.5,18.8,Surprised
2356,90,37.2,15.4,Neutral
2357,73,36.5,17.2,Happy
2358,79,36.9,14.7,Angry
2359,89,36.7,15.9,Happy
2360,99,36.6,21.2,Sad
2361,83,37.2,13.4,Surprised
2362,79,36.9,21,Sad
2363,90,37.3,11.4,Surprised
2364,99,37,18.6,Sad
2365,88,36.7,13.3,Surprised
2366,95,36.7,15.6,Fearful
2367,92,36.9,20.1,Surprised
2368,71,36.9,12.6,Surprised
2369,83,36.8,11,Angry
2370,82,37.3,21.1,Surprised
2371,82,37,20.4,Angry
2372,89,36.8,14.7,Disgusted
2373,93,37,11.1,Angry
2374,86,37.3,15.8,Fearful
2375,76,37.1,16.2,Sad
2376,83,37.3,15.6,Sad
2377,89,36.8,17,Disgusted
2378,82,36.7,11.8,Angry
2379,78,37,13.8,Sad
2380,84,37.1,20,Angry
2381,71,37.3,20.1,Disgusted
2382,87,36.7,15.1,Fearful
2383,96,36.7,21.7,Sad
2384,96,36.7,20.3,Surprised
2385,71,37.3,20.7,Disgusted
2386,80,37.1,11.3,Angry
2387,82,36.9,13.1,Surprised
2388,92,37,17.3,Sad
2389,72,36.9,15.9,Surprised
2390,76,36.9,17.8,Fearful
2391,95,36.5,17.1,Happy
2392,80,37.1,14.4,Angry
2393,91,37.3,15.7,Neutral
2394,86,37.3,21.2,Fearful
2395,96,36.9,15.2,Disgusted
2396,88,37,15.3,Sad
2397,91,36.7,20,Happy
2398,70,37,18.4,Neutral
2399,74,36.5,15.6,Fearful
2400,95,37.1,13.3,Fearful
2401,75,37,18.5,Disgusted
2402,89,36.7,11.7,Disgusted
2403,75,36.7,16.7,Angry
2404,72,36.7,18.4,Disgusted
2405,92,36.7,11.8,Angry
2406,94,37.4,21.5,Neutral
2407,82,36.8,17.8,Happy
2408,74,36.6,15.7,Disgusted
2409,86,37.1,16.4,Sad
2410,80,36.9,12.2,Disgusted
2411,92,37.2,12.5,Neutral
2412,78,36.6,12.8,Sad
2413,76,36.6,14.5,Disgusted
2414,79,37.3,13.1,Fearful
2415,70,36.9,18.1,Fearful
2416,94,37.2,13.3,Angry
2417,70,37.3,11.3,Disgusted
2418,88,36.6,16.9,Surprised
2419,94,36.8,18.8,Disgusted
2420,74,36.8,16.4,Fearful
2421,73,36.8,20.4,Sad
2422,76,36.8,19.7,Surprised
2423,88,36.6,18.1,Disgusted
2424,92,37.2,14.5,Neutral
2425,73,37.3,17.5,Sad
2426,97,36.8,21,Happy
2427,93,37,19,Angry
2428,93,36.5,11.1,Sad
2429,94,37,16.2,Disgusted
2430,92,37.2,12.1,Angry
2431,100,36.6,13.4,Angry
2432,97,36.6,18.9,Surprised
2433,89,36.8,16.8,Angry
2434,96,36.5,13.2,Angry
2435,93,37.1,12.3,Happy
2436,86,36.8,16.1,Happy
2437,85,36.8,18.1,Fearful
2438,71,36.8,15.3,Angry
2439,93,37.1,20.4,Fearful
2440,82,36.9,21.6,Surprised
2441,78,36.9,17.2,Sad
2442,70,36.8,15,Fearful
2443,77,37.4,21.9,Disgusted
2444,83,36.9,19.9,Sad
2445,73,37.3,11.8,Disgusted
2446,79,37,15.1,Angry
2447,96,36.6,19.6,Surprised
2448,70,36.5,21.2,Disgusted
2449,82,36.8,13.5,Fearful
2450,93,36.8,12.8,Fearful
2451,76,36.8,12.8,Disgusted
2452,72,37.3,21.9,Sad
2453,72,37.3,17.4,Surprised
2454,86,36.7,18.6,Disgusted
2455,100,37.2,14.8,Neutral
2456,73,37,12.3,Neutral
2457,79,37.4,20.6,Happy
2458,96,37.2,15.2,Happy
2459,95,36.7,19.4,Disgusted
2460,97,37.2,17.7,Disgusted
2461,82,36.8,18.5,Sad
2462,83,37,14.7,Surprised
2463,73,37.4,12.6,Angry
2464,95,36.7,20.7,Neutral
2465,89,36.6,15,Neutral
2466,92,36.9,11.3,Neutral
2467,77,36.6,13.2,Happy
2468,72,37.4,14.4,Surprised
2469,70,36.9,15.1,Sad
2470,86,37.2,11.6,Neutral
2471,70,37,15.5,Surprised
2472,89,36.7,20.8,Fearful
2473,96,37.1,15.4,Neutral
2474,84,37.1,16.2,Surprised
2475,70,36.8,14,Angry
2476,71,36.8,12.2,Angry
2477,88,36.6,16.1,Happy
2478,70,37.2,16.7,Surprised
2479,74,37.1,17.3,Angry
2480,78,37.1,18.3,Disgusted
2481,97,37.1,14.6,Neutral
2482,83,36.9,15.1,Fearful
2483,92,36.7,17.1,Sad
2484,95,36.6,18.1,Happy
2485,98,37.1,15.7,Neutral
2486,86,37.3,11.2,Surprised
2487,71,37.3,20.8,Surprised
2488,84,37,19.7,Happy
2489,96,37.3,21.6,Neutral
2490,89,36.8,13.8,Angry
2491,78,36.7,12.3,Happy
2492,97,37.1,16.6,Surprised
2493,81,36.8,12.2,Happy
2494,73,36.9,16.7,Happy
2495,89,36.8,19.5,Sad
2496,81,37,16.5,Angry
2497,83,37,19.2,Surprised
2498,88,36.9,16.8,Neutral
2499,88,36.6,17.7,Fearful
2500,71,36.7,13.5,Neutral
2501,80,37.3,15.8,Surprised
2502,75,36.5,21.2,Disgusted
2503,84,37.3,16,Neutral
2504,73,37,18.5,Surprised
2505,94,36.5,14.3,Disgusted
2506,72,36.9,16.5,Happy
2507,78,36.8,15.7,Neutral
2508,97,36.5,16.4,Fearful
2509,75,37.2,15.5,Sad
2510,87,37.3,18.7,Fearful
2511,75,37.1,21.9,Disgusted
2512,82,37.4,11.6,Happy
2513,72,36.6,21.9,Disgusted
2514,82,37.2,20.7,Disgusted
2515,85,37.2,19.3,Fearful
2516,78,36.6,14,Sad
2517,99,36.9,19,Sad
2518,98,37.4,20.6,Happy
2519,92,36.8,15.5,Happy
2520,89,36.9,12.8,Sad
2521,73,36.9,21.5,Neutral
2522,99,37.4,18.4,Disgusted
2523,98,36.8,21.4,Fearful
2524,76,37,14.5,Sad
2525,72,37.3,15.1,Angry
2526,87,37,19.4,Sad
2527,91,37.1,12.5,Surprised
2528,78,36.9,14.2,Happy
2529,93,36.6,20.9,Happy
2530,91,36.9,13.9,Surprised
2531,75,37.2,15.3,Disgusted
2532,73,36.9,11.5,Disgusted
2533,89,36.8,15.6,Happy
2534,99,36.9,11.9,Neutral
2535,100,36.8,20.7,Disgusted
2536,98,37.1,14.3,Neutral
2537,83,37,21.3,Neutral
2538,93,36.6,12,Neutral
2539,74,37.1,18.1,Surprised
2540,91,37.3,20.1,Fearful
2541,91,36.9,11.9,Angry
2542,82,36.6,18.6,Neutral
2543,76,36.8,21.1,Surprised
2544,75,37.2,16.7,Disgusted
2545,75,37.2,14.3,Happy
2546,85,36.9,17.8,Surprised
2547,95,36.7,19.1,Neutral
2548,97,36.9,21.3,Happy
2549,84,36.7,18.4,Fearful
2550,72,36.7,20.6,Disgusted
2551,91,37,12.5,Happy
2552,78,36.9,12.6,Disgusted
2553,77,37.1,20.8,Fearful
2554,86,36.8,16.8,Sad
2555,85,37.2,18.7,Angry
2556,93,37,21.5,Happy
2557,74,36.7,11.1,Disgusted
2558,95,37.2,17.3,Sad
2559,95,37.3,20.9,Angry
2560,89,36.9,20.3,Surprised
2561,75,37,13.6,Sad
2562,73,36.5,19.6,Disgusted
2563,98,36.9,13.3,Fearful
2564,95,37.1,15.4,Angry
2565,93,36.5,13.2,Surprised
2566,93,36.6,21,Disgusted
2567,79,36.6,19,Neutral
2568,76,36.6,19.2,Neutral
2569,85,37.1,15.8,Angry
2570,82,36.7,19.7,Sad
2571,77,37.2,13.9,Fearful
2572,73,36.6,19.2,Angry
2573,89,37.4,12.8,Fearful
2574,83,36.8,21.8,Angry
2575,99,37,13,Surprised
2576,87,37.1,12.2,Happy
2577,96,37.3,19.4,Neutral
2578,83,37.4,15.2,Surprised
2579,81,37.1,16.8,Disgusted
2580,98,37.3,21.9,Fearful
2581,70,37.1,19.1,Angry
2582,98,36.7,11.1,Angry
2583,73,36.8,14.5,Fearful
2584,73,37.3,16.2,Sad
2585,73,37,11.8,Fearful
2586,75,37.2,20.9,Sad
2587,88,36.5,11.4,Angry
2588,98,37,19.6,Surprised
2589,79,37.1,15.9,Neutral
2590,91,36.8,14.7,Surprised
2591,92,37.3,12.6,Sad
2592,79,37.4,15.4,Neutral
2593,70,36.9,17.5,Neutral
2594,76,37,16.7,Surprised
2595,89,36.6,14.1,Neutral
2596,78,36.7,21.3,Surprised
2597,99,37,13.8,Neutral
2598,72,37,21.9,Neutral
2599,73,37,15.2,Happy
2600,81,37.2,11.5,Surprised
2601,74,37.3,19.4,Neutral
2602,73,37.2,21,Surprised
2603,82,36.8,21.3,Neutral
2604,84,36.5,14.7,Sad
2605,71,36.9,12.7,Fearful
2606,95,36.9,12.3,Neutral
2607,88,37,19,Sad
2608,94,36.9,11.2,Neutral
2609,89,37.3,21,Surprised
2610,82,36.7,19.8,Angry
2611,77,37.3,19.8,Neutral
2612,93,36.9,20,Disgusted
2613,95,37.4,13.1,Angry
2614,79,37.4,12.2,Surprised
2615,97,37.4,11.7,Angry
2616,86,36.9,15.8,Neutral
2617,72,37.3,20,Fearful
2618,84,37.4,14.6,Angry
2619,92,36.8,18.9,Disgusted
2620,78,37.2,18,Angry
2621,84,37.3,20.7,Angry
2622,93,36.6,11.8,Sad
2623,71,36.9,11,Happy
2624,89,36.6,16.3,Disgusted
2625,97,37,14.9,Surprised
2626,87,37.3,17.2,Fearful
2627,89,37.3,11.1,Neutral
2628,91,36.8,20.1,Disgusted
2629,84,36.8,11.4,Disgusted
2630,87,37.2,16.4,Happy
2631,94,37.2,15.8,Neutral
2632,95,36.6,19.6,Disgusted
2633,89,37.1,15.3,Neutral
2634,83,36.6,18.4,Neutral
2635,89,36.7,16.1,Fearful
2636,73,37.3,21.2,Surprised
2637,87,37.2,12.9,Sad
2638,94,37.2,15.6,Angry
2639,77,36.5,17.8,Sad
2640,76,37.4,14.8,Angry
2641,74,37,18.1,Neutral
2642,70,37.2,15.7,Neutral
2643,85,37.2,17.6,Surprised
2644,81,37.2,21.5,Angry
2645,90,36.5,16.9,Fearful
2646,98,37.1,16.6,Disgusted
2647,84,37.1,11.9,Neutral
2648,87,36.8,14.7,Disgusted
2649,83,36.6,14,Happy
2650,78,36.5,20.9,Fearful
2651,92,37.2,15.8,Disgusted
2652,73,36.6,18.3,Happy
2653,97,36.6,15.4,Happy
2654,99,37,20.8,Fearful
2655,89,37.3,20.4,Neutral
2656,80,37.3,21.2,Fearful
2657,73,36.5,20.2,Happy
2658,99,37.4,21.7,Surprised
2659,74,36.9,12.3,Happy
2660,84,37.4,12.4,Surprised
2661,95,36.5,13.4,Disgusted
2662,90,37,16.7,Happy
2663,94,37.4,17.5,Surprised
2664,85,37,16,Neutral
2665,92,37.2,16.4,Neutral
2666,87,36.6,17.2,Neutral
2667,99,36.6,21.7,Disgusted
2668,74,36.8,13.5,Fearful
2669,86,37.3,14,Sad
2670,94,37.2,15.7,Sad
2671,84,36.6,19.8,Angry
2672,93,37.3,20.8,Disgusted
2673,92,36.7,17.8,Disgusted
2674,84,36.9,11.5,Surprised
2675,81,37.2,18.1,Sad
2676,80,36.6,11.6,Surprised
2677,93,37.4,17.7,Neutral
2678,97,36.6,20.8,Angry
2679,88,36.9,21.8,Disgusted
2680,73,36.7,17.7,Neutral
2681,75,37.3,20.3,Neutral
2682,93,36.6,15.7,Angry
2683,79,36.9,12,Neutral
2684,72,36.7,18.8,Happy
2685,82,37,21.8,Fearful
2686,93,36.9,20.8,Sad
2687,93,37,18.8,Sad
2688,82,36.7,12.3,Sad
2689,93,36.9,15.3,Surprised
2690,77,37.2,15,Disgusted
2691,86,37.3,18.8,Angry
2692,92,37.1,12.3,Sad
2693,89,37.4,11.1,Fearful
2694,75,36.8,19.1,Happy
2695,77,37.1,21.7,Neutral
2696,72,37.2,18.4,Angry
2697,98,36.6,17,Happy
2698,90,37.1,19.3,Happy
2699,81,36.8,13.6,Fearful
2700,74,37,11.7,Happy
2701,73,37.4,13.3,Fearful
2702,77,36.7,17.2,Angry
2703,74,37.4,16.5,Fearful
2704,87,36.6,20.1,Happy
2705,95,36.6,14.8,Sad
2706,87,37,17.4,Sad
2707,95,37.1,12.3,Neutral
2708,85,37.2,20.4,Angry
2709,91,37.2,15.1,Sad
2710,74,36.9,11.9,Angry
2711,99,36.8,16.1,Surprised
2712,79,36.9,19.7,Fearful
2713,79,36.7,15.4,Angry
2714,100,37,11.1,Neutral
2715,77,37.3,21.9,Surprised
2716,85,37.2,20.3,Happy
2717,72,37.2,13.8,Surprised
2718,100,37,17.3,Fearful
2719,87,36.5,16.5,Fearful
2720,73,37,18.7,Fearful
2721,96,36.8,18.4,Disgusted
2722,99,36.6,15.4,Surprised
2723,94,36.7,13.1,Sad
2724,86,37,15.5,Sad
2725,89,36.7,20,Disgusted
2726,91,36.8,20.2,Fearful
2727,95,37.3,19.4,Fearful
2728,70,37.1,21.3,Sad
2729,82,36.9,19.4,Fearful
2730,86,37.4,12.9,Happy
2731,81,36.8,16.8,Surprised
2732,76,37.2,15.3,Neutral
2733,94,36.9,11.2,Happy
2734,73,36.8,14.9,Angry
2735,84,36.9,21.6,Fearful
2736,91,37.4,11.8,Happy
2737,86,37.3,14.8,Neutral
2738,75,37.2,15.9,Angry
2739,76,37.1,17.5,Angry
2740,88,37.4,18.9,Disgusted
2741,72,36.6,17.9,Angry
2742,79,37,13,Angry
2743,78,37.2,20.9,Fearful
2744,97,36.8,17.1,Surprised
2745,92,37.2,19.6,Neutral
2746,76,36.8,16.4,Fearful
2747,87,36.8,11.4,Disgusted
2748,93,36.6,20.8,Happy
2749,97,36.9,11.5,Happy
2750,79,36.7,16.5,Angry
2751,86,37.3,14.8,Angry
2752,88,37.2,12.3,Fearful
2753,70,36.8,21.6,Disgusted
2754,97,37.2,21.3,Sad
2755,80,37.1,16.2,Happy
2756,78,37.1,16.2,Sad
2757,76,37.2,11.3,Disgusted
2758,82,36.8,15.7,Sad
2759,99,37.4,15.2,Neutral
2760,81,36.9,16.4,Neutral
2761,91,37.3,18.2,Neutral
2762,80,37,15.5,Angry
2763,84,36.5,21.8,Neutral
2764,99,36.5,17,Neutral
2765,86,36.6,17.1,Angry
2766,78,36.8,20.7,Happy
2767,87,37.1,17.5,Happy
2768,72,36.5,15,Surprised
2769,73,37.1,21,Angry
2770,77,36.8,13.8,Disgusted
2771,95,37,20,Angry
2772,79,36.9,14.4,Fearful
2773,95,37.3,20.8,Sad
2774,84,36.8,18,Neutral
2775,98,36.6,17.9,Neutral
2776,72,36.8,11.6,Fearful
2777,80,37.1,11.9,Disgusted
2778,84,37.2,20,Disgusted
2779,92,36.9,15.5,Sad
2780,87,37.3,19.8,Sad
2781,92,36.6,18.1,Fearful
2782,99,36.6,11.5,Neutral
2783,94,37.1,13.4,Surprised
2784,84,36.7,12.4,Sad
2785,84,36.8,14.3,Neutral
2786,89,36.8,14.9,Disgusted
2787,76,37.2,11.3,Sad
2788,100,36.7,17.2,Angry
2789,90,36.8,11.6,Angry
2790,73,36.7,11.2,Sad
2791,84,36.8,13.8,Surprised
2792,70,36.8,21.7,Neutral
2793,89,37.1,19.7,Sad
2794,72,36.8,17.6,Disgusted
2795,86,36.9,15.1,Disgusted
2796,78,37,18.5,Disgusted
2797,70,36.6,13.1,Happy
2798,73,36.7,14.1,Happy
2799,80,36.6,13.4,Fearful
2800,95,36.5,11.9,Disgusted
2801,94,36.7,21.8,Disgusted
2802,77,37,15.1,Fearful
2803,92,37.3,11.3,Fearful
2804,75,37.2,20.4,Fearful
2805,78,36.7,12.5,Sad
2806,74,37.2,14.4,Angry
2807,89,37.2,16.4,Neutral
2808,76,36.6,19.5,Angry
2809,71,37.1,19.6,Angry
2810,74,36.8,11.3,Neutral
2811,100,37.2,17.3,Disgusted
2812,87,37,20.8,Sad
2813,77,37.2,14.4,Disgusted
2814,81,37,16,Sad
2815,73,36.7,18.3,Fearful
2816,86,37,16.6,Neutral
2817,80,36.6,13.5,Neutral
2818,84,36.7,17.9,Neutral
2819,98,37,17,Neutral
2820,86,36.5,11.1,Neutral
2821,79,37.4,15,Surprised
2822,85,36.5,19.9,Angry
2823,72,36.8,11.1,Happy
2824,73,36.8,13.7,Fearful
2825,70,36.8,12.9,Angry
2826,81,36.9,15.7,Neutral
2827,95,37.3,19.8,Neutral
2828,81,36.7,11.7,Surprised
2829,80,36.6,18.2,Happy
2830,78,36.8,19.3,Neutral
2831,100,36.7,21.1,Sad
2832,99,37,16.8,Fearful
2833,91,36.8,11.4,Surprised
2834,84,36.7,19.9,Neutral
2835,98,36.6,19,Neutral
2836,79,36.6,16.9,Surprised
2837,83,37.1,20.1,Disgusted
2838,84,37.3,21.4,Neutral
2839,100,37.2,16,Disgusted
2840,73,36.9,17.7,Fearful
2841,73,37.3,18.9,Fearful
2842,76,36.5,17.3,Neutral
2843,99,36.7,15.5,Sad
2844,92,37.2,11.9,Neutral
2845,80,37.3,18.7,Disgusted
2846,87,37.2,21.5,Disgusted
2847,92,36.6,18.2,Sad
2848,71,36.6,16.3,Angry
2849,85,36.8,18.3,Disgusted
2850,87,36.6,16.6,Angry
2851,87,37.2,15.2,Sad
2852,91,36.7,13.8,Neutral
2853,93,37.2,18.2,Neutral
2854,89,36.7,17.4,Neutral
2855,78,36.9,13.5,Angry
2856,91,36.6,14.4,Surprised
2857,90,36.7,18.2,Fearful
2858,89,36.7,14.3,Surprised
2859,88,36.8,12.9,Sad
2860,96,37,19.4,Happy
2861,82,37.2,13.2,Happy
2862,95,37.1,19.7,Surprised
2863,70,37,11.1,Surprised
2864,96,37.1,18,Disgusted
2865,82,36.8,20,Disgusted
2866,81,37.2,12.7,Angry
2867,70,36.6,11.2,Fearful
2868,87,37.1,21.9,Angry
2869,75,36.6,21.7,Sad
2870,75,36.9,20.4,Fearful
2871,70,37.1,20.4,Surprised
2872,97,36.9,13.6,Surprised
2873,88,37.4,17.6,Surprised
2874,86,37.2,16.2,Angry
2875,89,36.8,16.6,Neutral
2876,90,36.7,16.9,Angry
2877,71,37.2,13.8,Fearful
2878,81,36.9,14.6,Angry
2879,74,36.6,13.5,Happy
2880,91,37.3,12.6,Happy
2881,71,37.4,18,Sad
2882,84,37.2,12.4,Sad
2883,85,36.6,17.7,Happy
2884,92,36.5,20.7,Sad
2885,92,36.5,14,Disgusted
2886,76,36.5,14.5,Sad
2887,91,37.3,19.5,Disgusted
2888,100,36.6,20.7,Angry
2889,96,36.7,16.5,Fearful
2890,82,36.8,15.5,Angry
2891,77,37.3,13.8,Sad
2892,85,36.6,18.9,Surprised
2893,90,36.6,17,Neutral
2894,100,36.9,13.3,Fearful
2895,90,36.6,12.9,Surprised
2896,95,37.4,19.6,Disgusted
2897,73,36.7,12.9,Disgusted
2898,82,36.5,17.8,Happy
2899,82,36.6,13.3,Sad
2900,83,37,18.9,Angry
2901,92,37.3,21.4,Fearful
2902,97,37,13.1,Angry
2903,92,36.9,11.4,Sad
2904,99,36.7,15,Neutral
2905,71,37.1,20,Surprised
2906,91,36.9,11.5,Disgusted
2907,79,37.4,18.9,Happy
2908,81,36.6,12.3,Angry
2909,86,36.6,16.1,Fearful
2910,77,36.6,20.5,Angry
2911,90,36.7,19.1,Angry
2912,87,37.1,15.7,Disgusted
2913,96,36.6,18.4,Sad
2914,83,37.3,16.8,Disgusted
2915,98,37.2,22,Neutral
2916,77,36.6,18.4,Sad
2917,95,37.3,12.3,Fearful
2918,77,36.6,21,Sad
2919,92,37.1,17.6,Sad
2920,81,37.2,20.2,Angry
2921,92,36.9,11.5,Sad
2922,71,36.9,15.5,Happy
2923,71,36.7,21.9,Sad
2924,93,36.7,16.5,Sad
2925,93,37,18.6,Surprised
2926,74,36.8,15.6,Happy
2927,97,36.6,15,Neutral
2928,82,37.3,16.3,Disgusted
2929,99,37.4,17.5,Angry
2930,74,36.8,13.6,Sad
2931,98,36.9,12.1,Disgusted
2932,90,37.1,16.9,Surprised
2933,97,36.6,14.3,Happy
2934,95,37.4,14,Happy
2935,80,37.3,19,Sad
2936,75,36.9,16.6,Happy
2937,99,36.9,11.1,Disgusted
2938,81,36.6,20,Happy
2939,81,36.8,11.4,Neutral
2940,100,36.9,16.9,Sad
2941,76,37.3,18.1,Happy
2942,74,37,19.2,Sad
2943,86,37.1,14.1,Sad
2944,78,37.1,11.8,Fearful
2945,95,36.6,19.4,Sad
2946,89,37.3,15.8,Angry
2947,88,36.7,15.5,Neutral
2948,97,36.5,13.8,Surprised
2949,84,36.9,20.8,Surprised
2950,72,36.6,21.9,Happy
2951,81,37,21.9,Disgusted
2952,91,36.9,16.3,Neutral
2953,92,37,18.3,Surprised
2954,76,37.1,21.3,Sad
2955,74,37.3,11.7,Angry
2956,73,37.3,21.3,Happy
2957,72,36.7,11.3,Fearful
2958,87,37,16.1,Neutral
2959,98,36.7,21.1,Neutral
2960,71,36.7,15.4,Fearful
2961,71,36.6,15.1,Disgusted
2962,81,37.1,19.1,Angry
2963,93,37.2,14.7,Fearful
2964,89,37.1,17.8,Disgusted
2965,89,36.6,19.8,Surprised
2966,77,37,14.5,Happy
2967,78,37.1,13.3,Disgusted
2968,75,36.7,16.4,Disgusted
2969,81,37.2,19,Fearful
2970,75,37.2,17.7,Fearful
2971,94,36.5,13.6,Fearful
2972,88,36.6,11.6,Surprised
2973,79,37.2,17.4,Sad
2974,81,36.8,13.2,Happy
2975,92,36.8,12.4,Disgusted
2976,89,37.4,12.9,Disgusted
2977,90,36.9,19.3,Happy
2978,73,37,21,Happy
2979,72,36.8,18.6,Neutral
2980,94,37.2,14.1,Angry
2981,82,36.5,19.1,Happy
2982,98,37.3,18.4,Angry
2983,77,37.2,11.3,Happy
2984,91,36.8,17.5,Disgusted
2985,77,36.9,14.2,Fearful
2986,85,37.3,15.9,Angry
2987,71,37.4,20.2,Disgusted
2988,70,36.9,15.4,Neutral
2989,72,37.1,14.1,Sad
2990,88,37.2,14.2,Neutral
2991,100,36.6,11.1,Happy
2992,74,37.2,17,Happy
2993,80,36.5,13,Happy
2994,70,37.3,12.1,Surprised
2995,88,36.9,15,Sad
2996,92,36.6,22,Fearful
2997,99,37.1,17.2,Neutral
2998,100,36.7,11,Happy
2999,82,36.7,15.7,Happy
3000,74,36.8,15.2,Sad
